{"modelName":"Rhyhorn.tcn","authorName":"TechneToTabulaImporter","projVersion":2,"textureWidth":128,"textureHeight":128,"scale":[1.0,1.0,1.0],"cubeGroups":[],"cubes":[{"name":"Body","dimensions":[16,14,24],"position":[0.0,12.0,0.0],"offset":[-8.0,-7.0,-12.0],"rotation":[0.0,-0.0,0.0],"scale":[1.0,1.0,1.0],"txOffset":[0,0],"txMirror":true,"mcScale":0.0,"opacity":100.0,"hidden":false,"children":[{"name":"Left hind leg","dimensions":[4,10,10],"position":[7.0,3.0,7.0],"offset":[0.0,-5.0,-5.0],"rotation":[24.0,-0.0,0.0],"scale":[1.0,1.0,1.0],"txOffset":[0,107],"txMirror":true,"mcScale":0.0,"opacity":100.0,"hidden":false,"children":[{"name":"Left hind foot","dimensions":[5,5,7],"position":[0.0,3.6,-1.6],"offset":[-0.5,0.0,-5.0],"rotation":[-24.0,-0.0,0.0],"scale":[1.0,1.0,1.0],"txOffset":[28,107],"txMirror":false,"mcScale":0.0,"opacity":100.0,"hidden":false,"children":[{"name":"Left hind claws inner","dimensions":[1,2,2],"position":[-0.0,4.0,-5.0],"offset":[-0.5,-1.0,-2.0],"rotation":[0.0,-0.0,0.0],"scale":[1.0,1.0,1.0],"txOffset":[21,107],"txMirror":false,"mcScale":0.0,"opacity":100.0,"hidden":false,"children":[],"parentIdentifier":"c_pqJ\u003csc4WdEmB5)oNT3","identifier":"1;2\u003dP6\"\\-\"7/?v\u003cIsP\u003eh"},{"name":"Left hind claws outer","dimensions":[1,2,2],"position":[4.0,4.0,-5.0],"offset":[-0.5,-1.0,-2.0],"rotation":[0.0,0.0,0.0],"scale":[1.0,1.0,1.0],"txOffset":[21,107],"txMirror":true,"mcScale":0.0,"opacity":100.0,"hidden":false,"children":[],"parentIdentifier":"c_pqJ\u003csc4WdEmB5)oNT3","identifier":"!7bj`EP\u0027FH09@!e/f:-w"}],"parentIdentifier":"\\1pb\u0027uvb{rwK3N6X`Bkq","identifier":"c_pqJ\u003csc4WdEmB5)oNT3"}],"parentIdentifier":"i|_# 79DV@-x7WJ7,~\u003d[","identifier":"\\1pb\u0027uvb{rwK3N6X`Bkq"},{"name":"Right hind leg","dimensions":[4,10,10],"position":[-7.0,3.0,7.0],"offset":[-4.0,-5.0,-5.0],"rotation":[24.0,-0.0,0.0],"scale":[1.0,1.0,1.0],"txOffset":[0,107],"txMirror":true,"mcScale":0.0,"opacity":100.0,"hidden":false,"children":[{"name":"Right hind foot","dimensions":[5,5,7],"position":[0.0,3.6,-1.6],"offset":[-4.5,0.0,-5.0],"rotation":[-24.0,-0.0,0.0],"scale":[1.0,1.0,1.0],"txOffset":[28,107],"txMirror":false,"mcScale":0.0,"opacity":100.0,"hidden":false,"children":[{"name":"Right hind claws inner","dimensions":[1,2,2],"position":[0.0,4.0,-5.0],"offset":[-0.5,-1.0,-2.0],"rotation":[0.0,0.0,0.0],"scale":[1.0,1.0,1.0],"txOffset":[21,107],"txMirror":false,"mcScale":0.0,"opacity":100.0,"hidden":false,"children":[],"parentIdentifier":"SW6h2oafdi$h}u;XrJ\u0026x","identifier":"n@+HKf7hBF*),w:-GjjV"},{"name":"Right hind claws outer","dimensions":[1,2,2],"position":[-4.0,4.0,-5.0],"offset":[-0.5,-1.0,-2.0],"rotation":[0.0,0.0,0.0],"scale":[1.0,1.0,1.0],"txOffset":[21,107],"txMirror":false,"mcScale":0.0,"opacity":100.0,"hidden":false,"children":[],"parentIdentifier":"SW6h2oafdi$h}u;XrJ\u0026x","identifier":"}\u0026`CDap4@\u003cAk[|vDQ7@;"}],"parentIdentifier":"^Rp04\u003dV;\u003c\u003eoaO\u003csJ$\"\u003e$","identifier":"SW6h2oafdi$h}u;XrJ\u0026x"}],"parentIdentifier":"i|_# 79DV@-x7WJ7,~\u003d[","identifier":"^Rp04\u003dV;\u003c\u003eoaO\u003csJ$\"\u003e$"},{"name":"Right front leg","dimensions":[3,7,7],"position":[-7.0,4.0,-7.0],"offset":[-3.0,-3.5,-3.5],"rotation":[24.0,-0.0,0.0],"scale":[1.0,1.0,1.0],"txOffset":[59,107],"txMirror":false,"mcScale":0.0,"opacity":100.0,"hidden":false,"children":[{"name":"Right leg spines","dimensions":[1,6,8],"position":[-2.9,0.0,0.0],"offset":[-0.5,-3.5,-0.5],"rotation":[1.49,-13.92,0.0],"scale":[1.0,1.0,1.0],"txOffset":[41,88],"txMirror":true,"mcScale":0.0,"opacity":100.0,"hidden":false,"children":[],"parentIdentifier":"^%i ftF\".\u003c`Q@I9#k$G\"","identifier":" aernoB\u003evHAt1\u003c\u003c$D\"MX"},{"name":"Right front foot","dimensions":[5,5,5],"position":[-1.0,2.1,-2.6],"offset":[-2.5,0.0,-2.5],"rotation":[-24.0,0.0,0.0],"scale":[1.0,1.0,1.0],"txOffset":[80,107],"txMirror":false,"mcScale":0.0,"opacity":100.0,"hidden":false,"children":[{"name":"Right front claws inner","dimensions":[1,2,2],"position":[1.5,2.0,-2.5],"offset":[-0.5,1.0,-2.0],"rotation":[0.0,0.0,0.0],"scale":[1.0,1.0,1.0],"txOffset":[21,107],"txMirror":true,"mcScale":0.0,"opacity":100.0,"hidden":false,"children":[],"parentIdentifier":"7$W/9\u003d[K5/3\u00264E1,n%^(","identifier":"N?vdN+~aYrczjCF~dTjG"},{"name":"Right front claws outer","dimensions":[1,2,2],"position":[-1.5,4.0,-2.5],"offset":[-0.5,-1.0,-2.0],"rotation":[0.0,-0.0,0.0],"scale":[1.0,1.0,1.0],"txOffset":[21,107],"txMirror":true,"mcScale":0.0,"opacity":100.0,"hidden":false,"children":[],"parentIdentifier":"7$W/9\u003d[K5/3\u00264E1,n%^(","identifier":"gV16;sqbVLkamEu]NP;!"}],"parentIdentifier":"^%i ftF\".\u003c`Q@I9#k$G\"","identifier":"7$W/9\u003d[K5/3\u00264E1,n%^("}],"parentIdentifier":"i|_# 79DV@-x7WJ7,~\u003d[","identifier":"^%i ftF\".\u003c`Q@I9#k$G\""},{"name":"Left front leg","dimensions":[3,7,7],"position":[7.0,4.0,-7.0],"offset":[0.0,-3.5,-3.5],"rotation":[24.0,-0.0,0.0],"scale":[1.0,1.0,1.0],"txOffset":[59,107],"txMirror":false,"mcScale":0.0,"opacity":100.0,"hidden":false,"children":[{"name":"Left leg spines","dimensions":[1,6,8],"position":[2.9,0.0,0.0],"offset":[-0.5,-3.5,-0.5],"rotation":[1.49,13.92,0.0],"scale":[1.0,1.0,1.0],"txOffset":[41,88],"txMirror":true,"mcScale":0.0,"opacity":100.0,"hidden":false,"children":[],"parentIdentifier":"%4 ~d\u003eyyl!LQaUVW[emB","identifier":"KlJ*%n/2yM*pj9VNF3+1"},{"name":"Left front foot","dimensions":[5,5,5],"position":[1.0,2.1,-2.6],"offset":[-2.5,0.0,-2.5],"rotation":[-24.0,-0.0,0.0],"scale":[1.0,1.0,1.0],"txOffset":[80,107],"txMirror":true,"mcScale":0.0,"opacity":100.0,"hidden":false,"children":[{"name":"Left front claws outer","dimensions":[1,2,2],"position":[1.5,4.0,-2.5],"offset":[-0.5,-1.0,-2.0],"rotation":[0.0,-0.0,0.0],"scale":[1.0,1.0,1.0],"txOffset":[21,107],"txMirror":true,"mcScale":0.0,"opacity":100.0,"hidden":false,"children":[],"parentIdentifier":"{\"U\\)[1pV/G9Z\u0027iCu`)H","identifier":"Fom-G1m{IlP6E$\u003c{\u003cJoa"},{"name":"Left front claws inner","dimensions":[1,2,2],"position":[-1.5,4.0,-2.5],"offset":[-0.5,-1.0,-2.0],"rotation":[0.0,-0.0,0.0],"scale":[1.0,1.0,1.0],"txOffset":[21,107],"txMirror":false,"mcScale":0.0,"opacity":100.0,"hidden":false,"children":[],"parentIdentifier":"{\"U\\)[1pV/G9Z\u0027iCu`)H","identifier":"Qrdtuy5WT!+$,)F\u0026qMH1"}],"parentIdentifier":"%4 ~d\u003eyyl!LQaUVW[emB","identifier":"{\"U\\)[1pV/G9Z\u0027iCu`)H"}],"parentIdentifier":"i|_# 79DV@-x7WJ7,~\u003d[","identifier":"%4 ~d\u003eyyl!LQaUVW[emB"}],"identifier":"i|_# 79DV@-x7WJ7,~\u003d["},{"name":"Head","dimensions":[17,10,12],"position":[0.0,12.0,-12.0],"offset":[-8.5,-6.5,-8.0],"rotation":[9.0,-0.0,0.0],"scale":[1.0,1.0,1.0],"txOffset":[0,39],"txMirror":true,"mcScale":0.0,"opacity":100.0,"hidden":false,"children":[],"identifier":"{z:HN\u003d)egVZHp{\u003eIjS1|"},{"name":"Headfrill pt1","dimensions":[3,3,12],"position":[0.0,12.0,-12.0],"offset":[-9.0,-7.0,-8.0],"rotation":[9.0,-0.0,6.0],"scale":[1.0,1.0,1.0],"txOffset":[0,66],"txMirror":true,"mcScale":0.0,"opacity":100.0,"hidden":false,"children":[],"identifier":"E7luH\u0027Rxw_$T,eX0%h2`"},{"name":"Headfrill pt2","dimensions":[3,3,12],"position":[0.0,12.0,-12.0],"offset":[6.0,-7.0,-8.0],"rotation":[9.0,-0.0,-6.0],"scale":[1.0,1.0,1.0],"txOffset":[31,66],"txMirror":true,"mcScale":0.0,"opacity":100.0,"hidden":false,"children":[],"identifier":"UwsovVuf![I|%z SjGhq"},{"name":"Snoutarea upper head","dimensions":[13,7,7],"position":[0.0,12.0,-12.0],"offset":[-6.5,-3.5,-14.0],"rotation":[9.0,-0.0,0.0],"scale":[1.0,1.0,1.0],"txOffset":[61,49],"txMirror":true,"mcScale":0.0,"opacity":100.0,"hidden":false,"children":[],"identifier":"V}zlep7~dgrHbx3FBbGs"},{"name":"Snoutarea frill1 head","dimensions":[2,4,11],"position":[0.0,12.0,-12.0],"offset":[-11.0,-8.0,-11.0],"rotation":[29.33,-23.97,-3.28],"scale":[1.0,1.0,1.0],"txOffset":[61,63],"txMirror":false,"mcScale":0.0,"opacity":100.0,"hidden":false,"children":[],"identifier":"i.j\u003dyT(-k8QNFxG/)tNL"},{"name":"Snoutarea lift head","dimensions":[12,2,7],"position":[0.0,12.0,-12.0],"offset":[-6.0,-9.0,-13.5],"rotation":[33.0,-0.0,0.0],"scale":[1.0,1.0,1.0],"txOffset":[61,39],"txMirror":true,"mcScale":0.0,"opacity":100.0,"hidden":false,"children":[],"identifier":"SJ\u003d@K!4~e{j!Q1kK\"plq"},{"name":"Snoutarea frill2 head","dimensions":[2,4,11],"position":[0.0,12.0,-12.0],"offset":[9.0,-8.0,-12.0],"rotation":[29.33,23.97,3.28],"scale":[1.0,1.0,1.0],"txOffset":[61,63],"txMirror":false,"mcScale":0.0,"opacity":100.0,"hidden":false,"children":[],"identifier":"3u9,F`N$(fnpNdi\u00279+\u0026$"},{"name":"Jaw head","dimensions":[11,4,10],"position":[0.0,12.0,-12.0],"offset":[-5.5,2.5,-10.0],"rotation":[0.0,-0.0,0.0],"scale":[1.0,1.0,1.0],"txOffset":[61,92],"txMirror":false,"mcScale":0.0,"opacity":100.0,"hidden":false,"children":[],"identifier":"}OTr/}Ybs*V+`AT^Sp\u003dX"},{"name":"Snout tip head","dimensions":[10,7,3],"position":[0.0,12.0,-12.0],"offset":[-5.0,-8.5,-14.0],"rotation":[29.0,-0.0,0.0],"scale":[1.0,1.0,1.0],"txOffset":[61,79],"txMirror":false,"mcScale":0.0,"opacity":100.0,"hidden":false,"children":[],"identifier":"W5DMB\u0026@yf5hq/QW? )m`"},{"name":"Horn head","dimensions":[2,5,2],"position":[0.0,12.0,-12.0],"offset":[-1.0,-15.5,-9.0],"rotation":[47.0,0.0,0.0],"scale":[1.0,1.0,1.0],"txOffset":[61,63],"txMirror":false,"mcScale":0.0,"opacity":100.0,"hidden":false,"children":[],"identifier":"\u00263n9woEgja\u003dnebDACr{C"},{"name":"Fangs head","dimensions":[13,2,1],"position":[0.0,12.0,-12.0],"offset":[-6.5,3.5,-10.0],"rotation":[9.0,-0.0,0.0],"scale":[1.0,1.0,1.0],"txOffset":[61,19],"txMirror":false,"mcScale":0.0,"opacity":100.0,"hidden":false,"children":[],"identifier":"Bv|ogSg$`FJv#;t)|huU"},{"name":"Body spine1","dimensions":[1,14,10],"position":[0.0,12.0,0.0],"offset":[-0.5,-12.0,-6.0],"rotation":[39.00000108527387,-0.0,0.0],"scale":[1.0,1.0,1.0],"txOffset":[0,81],"txMirror":false,"mcScale":0.0,"opacity":100.0,"hidden":false,"children":[],"identifier":"dEL4Se3.d@F#p\u0027pv1u:\u003e"},{"name":"Body spine2","dimensions":[1,14,10],"position":[0.0,12.0,0.0],"offset":[-0.5,-11.0,-9.0],"rotation":[-50.0000002530119,-0.0,0.0],"scale":[1.0,1.0,1.0],"txOffset":[0,81],"txMirror":false,"mcScale":0.0,"opacity":100.0,"hidden":false,"children":[],"identifier":"y5i+ji{D2C@oqwr\u0026u:r\\"},{"name":"Body spine3","dimensions":[1,8,10],"position":[0.0,12.0,0.0],"offset":[-0.5,-3.0,4.0],"rotation":[39.00000108527387,-0.0,0.0],"scale":[1.0,1.0,1.0],"txOffset":[0,81],"txMirror":false,"mcScale":0.0,"opacity":100.0,"hidden":false,"children":[],"identifier":"N\u003dbtDa\u0026r\\L$^C\"\\dc.Jg"},{"name":"Left body spines","dimensions":[1,6,14],"position":[0.0,12.0,2.0],"offset":[8.5,-6.0,0.0],"rotation":[-15.999999876058132,25.999999585151052,0.0],"scale":[1.0,1.0,1.0],"txOffset":[98,0],"txMirror":false,"mcScale":0.0,"opacity":100.0,"hidden":false,"children":[],"identifier":"`\u003dTLn7:\u003cQdNovbN)uT!V"},{"name":"Left body spines2","dimensions":[1,6,14],"position":[0.0,12.0,-1.0],"offset":[8.0,-4.0,0.0],"rotation":[14.083829557619953,20.916331000192447,-5.353725922404566],"scale":[1.0,1.0,1.0],"txOffset":[98,26],"txMirror":false,"mcScale":0.0,"opacity":100.0,"hidden":false,"children":[],"identifier":"G\",\u0026T@42Z%x@(G]9\u003c`%v"},{"name":"Right body spines","dimensions":[1,6,14],"position":[0.0,12.0,2.0],"offset":[-9.5,-6.0,0.0],"rotation":[-15.999999876058132,-25.999999585151052,0.0],"scale":[1.0,1.0,1.0],"txOffset":[98,0],"txMirror":false,"mcScale":0.0,"opacity":100.0,"hidden":false,"children":[],"identifier":"zl?HR?oZ|Z\u003e7S^mtIIM$"},{"name":"Right body spines2","dimensions":[1,6,14],"position":[0.0,12.0,-1.0],"offset":[-9.0,-4.0,0.0],"rotation":[14.08,-20.92,5.35],"scale":[1.0,1.0,1.0],"txOffset":[98,26],"txMirror":true,"mcScale":0.0,"opacity":100.0,"hidden":false,"children":[],"identifier":"\u003c,(mOG,YQ\u003dt\u003c\u003cB[@\u003eo:5"}],"anims":[],"cubeCount":37}