{"modelName":"Breloom.tcn","authorName":"TechneToTabulaImporter","projVersion":2,"textureWidth":64,"textureHeight":64,"scale":[1.0,1.0,1.0],"cubeGroups":[],"cubes":[{"name":"Body","dimensions":[5,9,6],"position":[0.0,15.0,0.0],"offset":[-2.5,-4.5,-3.0],"rotation":[31.952663126073492,0.0,0.0],"scale":[1.0,1.0,1.0],"txOffset":[0,23],"txMirror":false,"mcScale":0.0,"opacity":100.0,"hidden":false,"children":[{"name":"R Hip","dimensions":[2,5,5],"position":[-2.5,3.1,-1.0],"offset":[-2.0,-2.5,-2.5],"rotation":[-31.95,-0.0,0.0],"scale":[1.0,1.0,1.0],"txOffset":[26,27],"txMirror":false,"mcScale":0.0,"opacity":100.0,"hidden":false,"children":[{"name":"R leg","dimensions":[1,3,1],"position":[-1.0,2.5,0.2],"offset":[-0.5,0.0,-0.5],"rotation":[0.0,-0.0,0.0],"scale":[1.0,1.0,1.0],"txOffset":[41,30],"txMirror":false,"mcScale":0.0,"opacity":100.0,"hidden":false,"children":[{"name":"R Foot","dimensions":[3,1,6],"position":[0.5,2.5,-0.3],"offset":[-2.0,0.0,-4.0],"rotation":[0.0,0.0,0.0],"scale":[1.0,1.0,1.0],"txOffset":[46,30],"txMirror":false,"mcScale":0.0,"opacity":100.0,"hidden":false,"children":[],"parentIdentifier":"[LiucM\\QvwA\u003d\u003c^W~j2S8","identifier":"hT?X^@r0[)~QK7v|np^T"}],"parentIdentifier":"z,zfW^eKQ`[bL+w$7ZZP","identifier":"[LiucM\\QvwA\u003d\u003c^W~j2S8"}],"parentIdentifier":"{ui{n~)qd$Jl?\u00275m)6Mw","identifier":"z,zfW^eKQ`[bL+w$7ZZP"},{"name":"L Hip","dimensions":[2,5,5],"position":[2.5,3.1,-1.0],"offset":[0.0,-2.5,-2.5],"rotation":[-31.95,-0.0,0.0],"scale":[1.0,1.0,1.0],"txOffset":[26,27],"txMirror":false,"mcScale":0.0,"opacity":100.0,"hidden":false,"children":[{"name":"L leg","dimensions":[1,3,1],"position":[1.0,2.5,0.2],"offset":[-0.5,0.0,-0.5],"rotation":[0.0,-0.0,0.0],"scale":[1.0,1.0,1.0],"txOffset":[41,30],"txMirror":false,"mcScale":0.0,"opacity":100.0,"hidden":false,"children":[{"name":"L Foot","dimensions":[3,1,6],"position":[0.5,2.5,-0.3],"offset":[-2.0,0.0,-4.0],"rotation":[0.0,0.0,0.0],"scale":[1.0,1.0,1.0],"txOffset":[46,30],"txMirror":false,"mcScale":0.0,"opacity":100.0,"hidden":false,"children":[],"parentIdentifier":"-o|,}\u003c/-ML; Nf6`\u003c2RG","identifier":"B:/VFY{v~E_GQ:VD9YE!"}],"parentIdentifier":"t9oEDPe0~kv.cE$J]e}D","identifier":"-o|,}\u003c/-ML; Nf6`\u003c2RG"}],"parentIdentifier":"{ui{n~)qd$Jl?\u00275m)6Mw","identifier":"t9oEDPe0~kv.cE$J]e}D"},{"name":"Neck","dimensions":[2,6,2],"position":[0.0,-3.4,0.0],"offset":[-1.0,-6.0,-1.0],"rotation":[10.0,0.0,0.0],"scale":[1.0,1.0,1.0],"txOffset":[0,14],"txMirror":false,"mcScale":0.0,"opacity":100.0,"hidden":false,"children":[{"name":"Head","dimensions":[5,5,6],"position":[0.0,-4.2,1.1],"offset":[-2.5,-4.4,-6.0],"rotation":[-18.66,-0.0,0.0],"scale":[1.0,1.0,1.0],"txOffset":[0,0],"txMirror":false,"mcScale":0.0,"opacity":100.0,"hidden":false,"children":[{"name":"Mushroom cap","dimensions":[8,3,8],"position":[0.0,-2.7,-1.4],"offset":[-4.0,-3.0,-4.0],"rotation":[-50.0,-0.0,0.0],"scale":[1.0,1.0,1.0],"txOffset":[25,0],"txMirror":false,"mcScale":0.0,"opacity":100.0,"hidden":false,"children":[],"parentIdentifier":"CL~5Ba]B._;\u003e`Ipj@AVJ","identifier":"OnRL6G!/yygHj50lxj\u003eK"}],"parentIdentifier":"Lrzv$--?8AFOtb71\u003d05n","identifier":"CL~5Ba]B._;\u003e`Ipj@AVJ"}],"parentIdentifier":"{ui{n~)qd$Jl?\u00275m)6Mw","identifier":"Lrzv$--?8AFOtb71\u003d05n"},{"name":"Frilly","dimensions":[10,0,10],"position":[0.0,-4.5,0.0],"offset":[-5.0,0.0,-5.0],"rotation":[0.0,-0.0,0.0],"scale":[1.0,1.0,1.0],"txOffset":[0,13],"txMirror":false,"mcScale":0.0,"opacity":100.0,"hidden":false,"children":[],"parentIdentifier":"{ui{n~)qd$Jl?\u00275m)6Mw","identifier":"O/QSshR?S\u003cGc|lY-^{^."},{"name":"Tail Base","dimensions":[4,4,3],"position":[0.0,3.5,2.3],"offset":[-2.0,-2.0,-1.5],"rotation":[-31.95,-0.0,0.0],"scale":[1.0,1.0,1.0],"txOffset":[0,40],"txMirror":false,"mcScale":0.0,"opacity":100.0,"hidden":false,"children":[{"name":"Tail point 1","dimensions":[4,4,3],"position":[0.0,0.0,1.0],"offset":[-2.0,-2.0,0.0],"rotation":[0.0,0.0,0.0],"scale":[1.0,1.0,1.0],"txOffset":[0,40],"txMirror":false,"mcScale":0.0,"opacity":100.0,"hidden":false,"children":[{"name":"Tail Point 2","dimensions":[3,3,4],"position":[0.0,0.0,3.0],"offset":[-1.5,-1.5,0.0],"rotation":[0.0,0.0,0.0],"scale":[1.0,1.0,1.0],"txOffset":[0,48],"txMirror":false,"mcScale":0.0,"opacity":100.0,"hidden":false,"children":[{"name":"Tail Point 3","dimensions":[2,2,5],"position":[0.0,0.0,3.9],"offset":[-1.0,-1.0,0.0],"rotation":[0.0,-0.0,0.0],"scale":[1.0,1.0,1.0],"txOffset":[0,56],"txMirror":false,"mcScale":0.0,"opacity":100.0,"hidden":false,"children":[{"name":"Seeds","dimensions":[5,5,2],"position":[0.0,0.0,4.3],"offset":[-2.5,-2.5,-1.0],"rotation":[0.0,0.0,45.0],"scale":[1.0,1.0,1.0],"txOffset":[15,56],"txMirror":false,"mcScale":0.0,"opacity":100.0,"hidden":false,"children":[],"parentIdentifier":"{e.;\u0027^07f4.lHeK)R E-","identifier":"k\u0027J}S4X\u003e2oi\u003c\u0027b\u003d`YaBu"}],"parentIdentifier":"QO*aF]5-|.!K;*mnNN@y","identifier":"{e.;\u0027^07f4.lHeK)R E-"}],"parentIdentifier":"MI%7b7GO}QKhYXb\u003dVy`z","identifier":"QO*aF]5-|.!K;*mnNN@y"}],"parentIdentifier":"go,\u003cD!p*bl[(\u003c6p\\\u0027IYc","identifier":"MI%7b7GO}QKhYXb\u003dVy`z"}],"parentIdentifier":"{ui{n~)qd$Jl?\u00275m)6Mw","identifier":"go,\u003cD!p*bl[(\u003c6p\\\u0027IYc"}],"identifier":"{ui{n~)qd$Jl?\u00275m)6Mw"},{"name":"L Claws","dimensions":[3,5,1],"position":[3.0,13.0,-2.0],"offset":[-1.5,0.0,0.0],"rotation":[-51.41337481674548,3.842681889193409,25.623895889550283],"scale":[1.0,1.0,1.0],"txOffset":[47,21],"txMirror":false,"mcScale":0.0,"opacity":100.0,"hidden":false,"children":[],"identifier":"Gngw6\u0026|/@9ZLf36mpYgB"},{"name":"R Claws","dimensions":[3,5,1],"position":[-3.0,13.0,-2.0],"offset":[-1.5,0.0,0.0],"rotation":[-55.095486727814425,3.842686058424347,-25.62376589068471],"scale":[1.0,1.0,1.0],"txOffset":[47,21],"txMirror":false,"mcScale":0.0,"opacity":100.0,"hidden":false,"children":[],"identifier":"]G:TI\u003eWq#VK{%_\u003eehoos"}],"anims":[],"cubeCount":18}