{"modelName":"Burmy.tcn","authorName":"TechneToTabulaImporter","projVersion":2,"textureWidth":128,"textureHeight":128,"scale":[0.5,0.5,0.5],"cubeGroups":[],"cubes":[{"name":"Body","dimensions":[15,21,15],"position":[0.0,0.0,0.0],"offset":[-7.5,-10.5,-7.5],"rotation":[0.0,-0.0,0.0],"scale":[1.0,1.0,1.0],"txOffset":[0,0],"txMirror":false,"mcScale":0.0,"opacity":100.0,"hidden":false,"children":[],"identifier":"~-tTu$ccE)J\u00267R\u003eox`_\u0027"},{"name":"Top hold base","dimensions":[12,6,12],"position":[0.0,0.0,0.0],"offset":[-4.0,-14.5,-6.0],"rotation":[0.0,-0.0,-12.00000033393042],"scale":[1.0,1.0,1.0],"txOffset":[0,36],"txMirror":false,"mcScale":0.0,"opacity":100.0,"hidden":false,"children":[],"identifier":",@a5H!r nnZn*}gBJ,qv"},{"name":"Top hold pt2","dimensions":[9,6,9],"position":[0.0,0.0,0.0],"offset":[-7.5,-18.5,-4.5],"rotation":[0.0,-0.0,12.00000033393042],"scale":[1.0,1.0,1.0],"txOffset":[0,55],"txMirror":false,"mcScale":0.0,"opacity":100.0,"hidden":false,"children":[],"identifier":"}\":0p)v\u003cSfKoLUsW/iR\u0026"},{"name":"Top hold pt3","dimensions":[7,6,7],"position":[0.0,0.0,0.0],"offset":[0.5,-21.5,-3.5],"rotation":[0.0,-0.0,-12.00000033393042],"scale":[1.0,1.0,1.0],"txOffset":[0,71],"txMirror":false,"mcScale":0.0,"opacity":100.0,"hidden":false,"children":[],"identifier":"#/E\"7E8Zs3bz1K2F#bZ;"},{"name":"Top hold tip","dimensions":[5,7,5],"position":[0.0,0.0,0.0],"offset":[-13.5,-23.5,-2.5],"rotation":[0.0,-0.0,31.999999752116263],"scale":[1.0,1.0,1.0],"txOffset":[0,85],"txMirror":false,"mcScale":0.0,"opacity":100.0,"hidden":false,"children":[],"identifier":"+/ JRMS]^F.)}zfYQRzh"},{"name":"Bodybottom","dimensions":[13,3,13],"position":[0.0,0.0,0.0],"offset":[-6.5,10.5,-6.5],"rotation":[0.0,-0.0,0.0],"scale":[1.0,1.0,1.0],"txOffset":[60,0],"txMirror":false,"mcScale":0.0,"opacity":100.0,"hidden":false,"children":[],"identifier":"FqO7/CA`j*)g48a$B! \u0027"},{"name":"Beak","dimensions":[3,3,4],"position":[0.0,0.0,0.0],"offset":[-1.5,-5.5,-11.5],"rotation":[0.0,-0.0,0.0],"scale":[1.0,1.0,1.0],"txOffset":[0,0],"txMirror":false,"mcScale":0.0,"opacity":100.0,"hidden":false,"children":[],"identifier":",Q$M`yd6{THN\"J4o}]#Z"},{"name":"Overcoat pt1","dimensions":[16,3,16],"position":[0.0,0.0,0.0],"offset":[-8.0,-11.5,-8.0],"rotation":[0.0,-0.0,0.0],"scale":[1.0,1.0,1.0],"txOffset":[63,16],"txMirror":false,"mcScale":0.0,"opacity":100.0,"hidden":false,"children":[],"identifier":"82_~b\u003c%k1cU   4\\b@l\u003d"},{"name":"Overcoat pt2","dimensions":[16,13,16],"position":[0.0,0.0,0.0],"offset":[-8.0,-1.5,-8.0],"rotation":[0.0,-0.0,0.0],"scale":[1.0,1.0,1.0],"txOffset":[63,35],"txMirror":false,"mcScale":0.0,"opacity":100.0,"hidden":false,"children":[],"identifier":"\u003ep1\u003e?x\u003dW0?e \u003dl\u003ch^/i "},{"name":"Overcoat btm","dimensions":[14,5,14],"position":[0.0,0.0,0.0],"offset":[-7.0,10.5,-7.0],"rotation":[0.0,-0.0,0.0],"scale":[1.0,1.0,1.0],"txOffset":[60,64],"txMirror":false,"mcScale":0.0,"opacity":100.0,"hidden":false,"children":[],"identifier":"a!@8N|%oq?bmHyYF`-NO"},{"name":"Overcoat pt3","dimensions":[16,7,15],"position":[0.0,0.0,0.0],"offset":[-8.0,-8.5,-7.0],"rotation":[0.0,-0.0,0.0],"scale":[1.0,1.0,1.0],"txOffset":[63,83],"txMirror":false,"mcScale":0.0,"opacity":100.0,"hidden":false,"children":[],"identifier":"S~\u0026q*nS@\u00264DmdV\u0027MxM}j"},{"name":"Twig1","dimensions":[2,13,2],"position":[0.0,0.0,0.0],"offset":[-1.0,12.5,-1.0],"rotation":[0.0,-0.0,-21.00000058437824],"scale":[1.0,1.0,1.0],"txOffset":[63,35],"txMirror":false,"mcScale":0.0,"opacity":100.0,"hidden":false,"children":[],"identifier":"/YlmOUID.aqE.N\u0027gT%gb"},{"name":"Twig2","dimensions":[2,13,2],"position":[0.0,0.0,0.0],"offset":[-1.0,12.5,-1.0],"rotation":[0.0,-0.0,21.00000058437824],"scale":[1.0,1.0,1.0],"txOffset":[63,35],"txMirror":false,"mcScale":0.0,"opacity":100.0,"hidden":false,"children":[],"identifier":"SORncyI!,LJy\u003e]^!^r}F"}],"anims":[],"cubeCount":13}