{"modelName":"Mothim.tcn","authorName":"TechneToTabulaImporter","projVersion":2,"textureWidth":128,"textureHeight":128,"scale":[1.0,1.0,1.0],"cubeGroups":[],"cubes":[{"name":"Body","dimensions":[11,19,11],"position":[0.0,0.0,0.0],"offset":[-5.5,-9.5,-5.5],"rotation":[21.00000058437824,-0.0,0.0],"scale":[1.0,1.0,1.0],"txOffset":[0,0],"txMirror":false,"mcScale":0.0,"opacity":100.0,"hidden":false,"children":[],"identifier":"3dY\u003e5QQJCxstdh@:pTRG"},{"name":"Body2","dimensions":[13,16,9],"position":[0.0,0.0,0.0],"offset":[-6.5,-7.5,-4.5],"rotation":[21.00000058437824,-0.0,0.0],"scale":[1.0,1.0,1.0],"txOffset":[0,30],"txMirror":false,"mcScale":0.0,"opacity":100.0,"hidden":false,"children":[],"identifier":"hyuSZu#b~o5f\u003e6X{I]BF"},{"name":"Left arm","dimensions":[3,7,3],"position":[5.0,-1.0,-6.0],"offset":[-1.5,-1.0,-1.5],"rotation":[-45.999999003336896,-42.99999891985429,0.0],"scale":[1.0,1.0,1.0],"txOffset":[34,0],"txMirror":false,"mcScale":0.0,"opacity":100.0,"hidden":false,"children":[],"identifier":"jcH18u.|)6#FJe8;:j) "},{"name":"Right arm","dimensions":[3,7,3],"position":[-5.0,-1.0,-6.0],"offset":[-1.5,-1.0,-1.5],"rotation":[-45.999999003336896,42.99999891985429,0.0],"scale":[1.0,1.0,1.0],"txOffset":[34,0],"txMirror":false,"mcScale":0.0,"opacity":100.0,"hidden":false,"children":[],"identifier":"\u0027_5x:f%6LDgZ\u003e4dj\u00272J9"},{"name":"Left foot","dimensions":[2,2,2],"position":[5.0,8.0,-3.0],"offset":[-1.0,-1.0,-1.0],"rotation":[-45.999999003336896,-42.99999891985429,0.0],"scale":[1.0,1.0,1.0],"txOffset":[0,0],"txMirror":false,"mcScale":0.0,"opacity":100.0,"hidden":false,"children":[],"identifier":"cg+(`\"\u0027}ijv\u003c{;1A\u003d/Kz"},{"name":"Right foot","dimensions":[2,2,2],"position":[-5.0,8.0,-3.0],"offset":[-1.0,-1.0,-1.0],"rotation":[-45.999999003336896,42.99999891985429,0.0],"scale":[1.0,1.0,1.0],"txOffset":[0,0],"txMirror":false,"mcScale":0.0,"opacity":100.0,"hidden":false,"children":[],"identifier":"rDw[|-?AtN!O]Hm,C/M2"},{"name":"L tail","dimensions":[5,8,1],"position":[0.0,0.0,0.0],"offset":[-5.5,7.5,-0.5],"rotation":[21.00000058437824,-0.0,-33.000000918308665],"scale":[1.0,1.0,1.0],"txOffset":[0,55],"txMirror":false,"mcScale":0.0,"opacity":100.0,"hidden":false,"children":[],"identifier":"B-Sgj:PIa{rcbFYz8@bU"},{"name":"R tail","dimensions":[5,8,1],"position":[0.0,0.0,0.0],"offset":[0.5,7.5,-0.5],"rotation":[21.00000058437824,-0.0,33.000000918308665],"scale":[1.0,1.0,1.0],"txOffset":[0,55],"txMirror":false,"mcScale":0.0,"opacity":100.0,"hidden":false,"children":[],"identifier":"W1\"KY-27s+/e8xe\u003cf3W "},{"name":"Neck","dimensions":[9,3,9],"position":[0.0,0.0,0.0],"offset":[-4.5,-12.5,-4.5],"rotation":[21.00000058437824,-0.0,0.0],"scale":[1.0,1.0,1.0],"txOffset":[92,0],"txMirror":false,"mcScale":0.0,"opacity":100.0,"hidden":false,"children":[],"identifier":"f}?0?1EO|gGE(Sp*w\u003cZ2"},{"name":"Head","dimensions":[13,13,13],"position":[0.0,-10.0,-5.0],"offset":[-6.5,-13.0,-6.5],"rotation":[4.99999985454646,-0.0,0.0],"scale":[1.0,1.0,1.0],"txOffset":[44,0],"txMirror":false,"mcScale":0.0,"opacity":100.0,"hidden":false,"children":[],"identifier":"~1nR?$70i~*i\\/(G^P^Q"},{"name":"Nose","dimensions":[3,3,7],"position":[0.0,-10.0,-5.0],"offset":[-1.5,-7.0,-9.5],"rotation":[48.00000133572169,-0.0,0.0],"scale":[1.0,1.0,1.0],"txOffset":[44,26],"txMirror":false,"mcScale":0.0,"opacity":100.0,"hidden":false,"children":[],"identifier":"%/ao-:[Jo_*t\u003ep?2Wn~!"},{"name":"Antennea baseL","dimensions":[1,14,1],"position":[0.0,-10.0,-5.0],"offset":[1.5,-15.0,-7.0],"rotation":[4.99999985454646,-0.0,0.0],"scale":[1.0,1.0,1.0],"txOffset":[44,36],"txMirror":false,"mcScale":0.0,"opacity":100.0,"hidden":false,"children":[],"identifier":"w/Yf\"qtW,,tmq^gw,;X_"},{"name":"Antennea baseR","dimensions":[1,14,1],"position":[0.0,-10.0,-5.0],"offset":[-2.5,-15.0,-7.0],"rotation":[4.99999985454646,-0.0,0.0],"scale":[1.0,1.0,1.0],"txOffset":[44,36],"txMirror":false,"mcScale":0.0,"opacity":100.0,"hidden":false,"children":[],"identifier":"@Eh]jzt%6ued\\1bU N2s"},{"name":"Antennea topL","dimensions":[7,16,1],"position":[0.0,-10.0,-5.0],"offset":[1.5,-22.0,-15.300000190734863],"rotation":[-37.999999919081475,-0.0,0.0],"scale":[1.0,1.0,1.0],"txOffset":[48,36],"txMirror":false,"mcScale":0.0,"opacity":100.0,"hidden":false,"children":[],"identifier":"w\u003d.iwLv+kzE?\\!*A?a7E"},{"name":"Antennea topR","dimensions":[7,16,1],"position":[0.0,-10.0,-5.0],"offset":[-8.5,-22.0,-15.300000190734863],"rotation":[-37.999999919081475,-0.0,0.0],"scale":[1.0,1.0,1.0],"txOffset":[65,36],"txMirror":false,"mcScale":0.0,"opacity":100.0,"hidden":false,"children":[],"identifier":"Y|SLZw\\,XbP0#pPm*e!t"},{"name":"Left bottom wing","dimensions":[26,16,1],"position":[3.0,0.0,6.0],"offset":[-0.5,-8.0,-0.5],"rotation":[18.1868860442279,-6.882623805658642,40.34986696518208],"scale":[1.0,1.0,1.0],"txOffset":[0,64],"txMirror":false,"mcScale":0.0,"opacity":100.0,"hidden":false,"children":[],"identifier":"VMegRsjTy$7S[MKBhCTs"},{"name":"Left bottom wing p2","dimensions":[5,6,1],"position":[3.0,0.0,6.0],"offset":[25.5,-7.0,-0.5],"rotation":[18.1868860442279,-6.882623805658642,40.34986696518208],"scale":[1.0,1.0,1.0],"txOffset":[0,81],"txMirror":false,"mcScale":0.0,"opacity":100.0,"hidden":false,"children":[],"identifier":"9*SgY@v!m\u0026-qNI)4PGLs"},{"name":"Left bottom wing p3","dimensions":[5,6,1],"position":[3.0,0.0,6.0],"offset":[25.5,1.0,-0.5],"rotation":[18.1868860442279,-6.882623805658642,40.34986696518208],"scale":[1.0,1.0,1.0],"txOffset":[0,81],"txMirror":false,"mcScale":0.0,"opacity":100.0,"hidden":false,"children":[],"identifier":"+)^TQp;.e\u003c^ j1POb*~x"},{"name":"Left upper wing","dimensions":[57,18,1],"position":[3.0,-2.0,5.0],"offset":[-0.5,-9.0,-0.5],"rotation":[27.865013131235013,-4.592787771096649,-40.15504882832606],"scale":[1.0,1.0,1.0],"txOffset":[0,88],"txMirror":false,"mcScale":0.0,"opacity":100.0,"hidden":false,"children":[],"identifier":"A\u003ce{Z!z|.6I5Y^kE,]\u003e]"},{"name":"Right upper wing","dimensions":[57,18,1],"position":[-3.0,-2.0,5.0],"offset":[-57.5,-9.0,-0.5],"rotation":[27.865013131235013,4.592787771096649,40.15504882832606],"scale":[1.0,1.0,1.0],"txOffset":[0,108],"txMirror":false,"mcScale":0.0,"opacity":100.0,"hidden":false,"children":[],"identifier":":B\u0027QMq\"Q{n Y$uiF\u003dQyS"},{"name":"Right bottom wing","dimensions":[26,16,1],"position":[-3.0,0.0,6.0],"offset":[-26.5,-8.0,-0.5],"rotation":[18.1868860442279,6.882623805658642,-40.34986696518208],"scale":[1.0,1.0,1.0],"txOffset":[0,64],"txMirror":false,"mcScale":0.0,"opacity":100.0,"hidden":false,"children":[],"identifier":"-xl61v!p,;:#zyMFL)YC"},{"name":"Right bottom wing p2","dimensions":[5,6,1],"position":[-3.0,0.0,6.0],"offset":[-31.5,-7.0,-0.5],"rotation":[18.1868860442279,6.882623805658642,-40.34986696518208],"scale":[1.0,1.0,1.0],"txOffset":[0,81],"txMirror":false,"mcScale":0.0,"opacity":100.0,"hidden":false,"children":[],"identifier":"/_$or(.F#v\u003d $CwZt\u003dA6"},{"name":"Right bottom wing p3","dimensions":[5,6,1],"position":[-3.0,0.0,6.0],"offset":[-31.5,1.0,-0.5],"rotation":[18.1868860442279,6.882623805658642,-40.34986696518208],"scale":[1.0,1.0,1.0],"txOffset":[0,81],"txMirror":false,"mcScale":0.0,"opacity":100.0,"hidden":false,"children":[],"identifier":"HrD\\*6wh\u003dWG.H./~_+FG"},{"name":"Left upper wing pt2","dimensions":[6,5,1],"position":[3.0,-2.0,5.0],"offset":[56.5,-2.5,-0.5],"rotation":[27.865013131235013,-4.592787771096649,-40.15504882832606],"scale":[1.0,1.0,1.0],"txOffset":[16,81],"txMirror":false,"mcScale":0.0,"opacity":100.0,"hidden":false,"children":[],"identifier":"X]~oz5;\u0026e+ (3;~6_:gU"},{"name":"Left upper wing pt3","dimensions":[6,5,1],"position":[3.0,-2.0,5.0],"offset":[56.5,4.0,-0.5],"rotation":[27.865013131235013,-4.592787771096649,-40.15504882832606],"scale":[1.0,1.0,1.0],"txOffset":[16,81],"txMirror":false,"mcScale":0.0,"opacity":100.0,"hidden":false,"children":[],"identifier":"jC-ht,{t~/U4[,vqMB|i"},{"name":"Left upper wing pt4","dimensions":[6,5,1],"position":[3.0,-2.0,5.0],"offset":[56.5,-8.5,-0.5],"rotation":[27.865013131235013,-4.592787771096649,-40.15504882832606],"scale":[1.0,1.0,1.0],"txOffset":[16,81],"txMirror":false,"mcScale":0.0,"opacity":100.0,"hidden":false,"children":[],"identifier":" T~t#A6?-^^C3pb$-,\u003d-"},{"name":"Right upper wing pt4","dimensions":[6,5,1],"position":[-3.0,-2.0,5.0],"offset":[-63.5,-8.5,-0.5],"rotation":[27.865013131235013,4.592787771096649,40.15504882832606],"scale":[1.0,1.0,1.0],"txOffset":[16,81],"txMirror":false,"mcScale":0.0,"opacity":100.0,"hidden":false,"children":[],"identifier":"9pm(gCn.uOG:ydfly18_"},{"name":"Right upper wing pt2","dimensions":[6,5,1],"position":[-3.0,-2.0,5.0],"offset":[-63.5,-2.5,-0.5],"rotation":[27.865013131235013,4.592787771096649,40.15504882832606],"scale":[1.0,1.0,1.0],"txOffset":[16,81],"txMirror":false,"mcScale":0.0,"opacity":100.0,"hidden":false,"children":[],"identifier":"z T\u003dgjc{:,\u0026$;WaV\u0026Kc["},{"name":"Right upper wing pt3","dimensions":[6,5,1],"position":[-3.0,-2.0,5.0],"offset":[-63.5,4.0,-0.5],"rotation":[27.865013131235013,4.592787771096649,40.15504882832606],"scale":[1.0,1.0,1.0],"txOffset":[16,81],"txMirror":false,"mcScale":0.0,"opacity":100.0,"hidden":false,"children":[],"identifier":"QEcCsYN6r{2e+zW))F.)"}],"anims":[],"cubeCount":29}