<?xml version="1.0" encoding="UTF-8"?>
<ModelAnimator version="0.1">
	<model name="Porygon-Z">
			<phase name="global" rotation="0,1,0,90" offset="-0.15,0.5,0" scale="0.35,0.35,0.35"/>
			<part name="mid">
				<phase name="idle">
					<vector rotation="0,1,0,180" time="0"/>
				</phase>
				<part name="armL">
				<phase name="idle">
					<vector rotation="0,0,1,-10" time="25"/>
					<vector rotation="0,0,1,10" time="25"/>
				</phase>
				</part>
				<part name="armR">
				<phase name="idle">
					<vector rotation="0,0,1,-10" time="25"/>
					<vector rotation="0,0,1,10" time="25"/>
				</phase>
				</part>
				<part name="tail">
				<phase name="idle">
					<vector rotation="0,0,1,-10" time="25"/>
					<vector rotation="0,0,1,10" time="25"/>
				</phase>
				</part>
				<part name="head">
				<phase name="idle">
					<vector rotation="0,1,0,0" time="0"/>
				</phase>
				</part>
			</part>
	</model>
</ModelAnimator>


