{"modelName":"Shroomish.tcn","authorName":"TechneToTabulaImporter","projVersion":2,"textureWidth":64,"textureHeight":32,"scale":[1.0,1.0,1.0],"cubeGroups":[],"cubes":[{"name":"Head","dimensions":[8,6,8],"position":[0.0,17.0,0.0],"offset":[-4.0,-3.0,-4.0],"rotation":[0.0,-0.0,0.0],"scale":[1.0,1.0,1.0],"txOffset":[0,0],"txMirror":false,"mcScale":0.0,"opacity":100.0,"hidden":false,"children":[],"identifier":"r+Z7-`ukcvU/kG`%u_o7"},{"name":"Body","dimensions":[7,2,7],"position":[0.0,16.0,0.0],"offset":[-3.5,3.5,-3.5],"rotation":[0.0,-0.0,0.0],"scale":[1.0,1.0,1.0],"txOffset":[0,16],"txMirror":false,"mcScale":0.0,"opacity":100.0,"hidden":false,"children":[],"identifier":"6FZ\"u64s\\6?|vb$(\u0027z^X"},{"name":"R Foot","dimensions":[2,3,1],"position":[-2.0,21.0,0.0],"offset":[-1.0,0.0,0.0],"rotation":[-42.603550834764654,34.08283861875497,-8.57906929257098E-15],"scale":[1.0,1.0,1.0],"txOffset":[0,0],"txMirror":false,"mcScale":0.0,"opacity":100.0,"hidden":false,"children":[],"identifier":"Tul1rtR;Ck]pZJ|4Y,\"j"},{"name":"L Foot","dimensions":[2,3,1],"position":[2.0,21.0,0.0],"offset":[-1.0,0.0,0.0],"rotation":[-42.60355083476465,-34.08299912820047,-8.579085554083787E-15],"scale":[1.0,1.0,1.0],"txOffset":[0,0],"txMirror":false,"mcScale":0.0,"opacity":100.0,"hidden":false,"children":[],"identifier":"_/wJD`-3m.Va {\u0026e9WJb"},{"name":"Frilly","dimensions":[14,0,14],"position":[0.0,17.0,0.0],"offset":[-7.0,3.0,-7.0],"rotation":[0.0,-0.0,0.0],"scale":[1.0,1.0,1.0],"txOffset":[21,0],"txMirror":false,"mcScale":0.0,"opacity":100.0,"hidden":false,"children":[],"identifier":"\\TIc;YxoZVtGwi4Vvp#T"},{"name":"Sporecap","dimensions":[3,2,3],"position":[0.0,17.0,0.0],"offset":[-1.5,-5.0,-1.5],"rotation":[0.0,-0.0,0.0],"scale":[1.0,1.0,1.0],"txOffset":[0,26],"txMirror":false,"mcScale":0.0,"opacity":100.0,"hidden":false,"children":[],"identifier":"xQ89lQr,^XR`N`K\"\u0026)O["}],"anims":[],"cubeCount":6}