{"modelName":"Staraptor.tcn","authorName":"TechneToTabulaImporter","projVersion":2,"textureWidth":256,"textureHeight":256,"scale":[1.0,1.0,1.0],"cubeGroups":[],"cubes":[{"name":"Main body","dimensions":[15,15,23],"position":[0.0,7.0,0.0],"offset":[-7.5,-7.5,-11.5],"rotation":[-12.00000033393042,-0.0,0.0],"scale":[1.0,1.0,1.0],"txOffset":[0,0],"txMirror":false,"mcScale":0.0,"opacity":100.0,"hidden":false,"children":[],"identifier":"\u003dEBgs|_QPq0]\"#pQO:ae"},{"name":"Neck","dimensions":[14,14,11],"position":[0.0,7.0,0.0],"offset":[-7.0,-3.5,-20.0],"rotation":[-28.99999966863366,-0.0,0.0],"scale":[1.0,1.0,1.0],"txOffset":[0,40],"txMirror":false,"mcScale":0.0,"opacity":100.0,"hidden":false,"children":[],"identifier":"e4e/}WMlWr+$WS;}+ZD{"},{"name":"Head","dimensions":[11,11,11],"position":[0.0,7.0,0.0],"offset":[-5.5,-13.5,-25.0],"rotation":[1.9999999845072665,0.0,0.0],"scale":[1.0,1.0,1.0],"txOffset":[76,0],"txMirror":false,"mcScale":0.0,"opacity":100.0,"hidden":false,"children":[],"identifier":"0%5\u0026uO]+-q82TGupN* V"},{"name":"Left tuft","dimensions":[11,8,8],"position":[0.0,7.0,0.0],"offset":[-7.0,-16.5,-22.0],"rotation":[13.56977698646891,-33.26511811882999,-20.46699405079874],"scale":[1.0,1.0,1.0],"txOffset":[121,0],"txMirror":false,"mcScale":0.0,"opacity":100.0,"hidden":false,"children":[],"identifier":"(~K[O)]\\#7u\u003eHX\u003dn%9B;"},{"name":"Right tuft","dimensions":[11,8,8],"position":[0.0,7.0,0.0],"offset":[-4.0,-16.5,-22.0],"rotation":[13.56977698646891,33.26511811882999,20.46699405079874],"scale":[1.0,1.0,1.0],"txOffset":[121,0],"txMirror":false,"mcScale":0.0,"opacity":100.0,"hidden":false,"children":[],"identifier":"-++w!2\u003cz@D\u003c6sMG@Rp#3"},{"name":"Blade base","dimensions":[5,11,3],"position":[0.0,7.0,0.0],"offset":[-2.5,-18.0,-19.66666603088379],"rotation":[-9.99999970909292,-0.0,0.0],"scale":[1.0,1.0,1.0],"txOffset":[161,0],"txMirror":false,"mcScale":0.0,"opacity":100.0,"hidden":false,"children":[],"identifier":"#QserW~uIo\u003c/DTR?C7fX"},{"name":"Blade tip","dimensions":[3,9,19],"position":[0.0,7.0,0.0],"offset":[-1.5,-26.0,-30.299999237060547],"rotation":[9.000000250447817,-0.0,0.0],"scale":[1.0,1.0,1.0],"txOffset":[177,0],"txMirror":false,"mcScale":0.0,"opacity":100.0,"hidden":false,"children":[],"identifier":"(2jHnn1YEKru2S[@(8x~"},{"name":"Upper beak","dimensions":[4,3,5],"position":[0.0,7.0,0.0],"offset":[-2.0,-11.0,-29.0],"rotation":[7.000000052497138,-0.0,0.0],"scale":[1.0,1.0,1.0],"txOffset":[0,0],"txMirror":false,"mcScale":0.0,"opacity":100.0,"hidden":false,"children":[],"identifier":"g,Nq4kiCE\u003cLC~CrP2xK;"},{"name":"Upper beak","dimensions":[3,3,3],"position":[0.0,7.0,0.0],"offset":[-1.5,-6.0,-28.0],"rotation":[0.0,-0.0,0.0],"scale":[1.0,1.0,1.0],"txOffset":[0,11],"txMirror":false,"mcScale":0.0,"opacity":100.0,"hidden":false,"children":[],"identifier":";7*BCoID(BQ/R1fLM\"CJ"},{"name":"Body rear","dimensions":[14,11,11],"position":[0.0,7.0,0.0],"offset":[-7.0,2.4000000953674316,2.0],"rotation":[34.99999983559887,-0.0,0.0],"scale":[1.0,1.0,1.0],"txOffset":[0,90],"txMirror":false,"mcScale":0.0,"opacity":100.0,"hidden":false,"children":[],"identifier":"[yi^,3E6XTX6@)F2y@_M"},{"name":"Tail feathers","dimensions":[21,1,21],"position":[0.0,7.0,0.0],"offset":[-10.5,9.5,14.0],"rotation":[19.99999941818584,-0.0,0.0],"scale":[1.0,1.0,1.0],"txOffset":[0,66],"txMirror":false,"mcScale":0.0,"opacity":100.0,"hidden":false,"children":[],"identifier":"V#T@jPNL0g7.a7-JDz@i"},{"name":"Left wing base","dimensions":[25,1,20],"position":[7.0,0.0,-8.0],"offset":[0.0,-0.5,-1.0],"rotation":[-12.99999979257553,7.000000052497138,0.0],"scale":[1.0,1.0,1.0],"txOffset":[0,115],"txMirror":false,"mcScale":0.0,"opacity":100.0,"hidden":false,"children":[{"name":"Left wing tip","dimensions":[33,1,20],"position":[18.5,0.0,1.8],"offset":[6.3,-0.5,-3.0],"rotation":[-0.0,-0.0,0.0],"scale":[1.0,1.0,1.0],"txOffset":[0,137],"txMirror":false,"mcScale":0.0,"opacity":100.0,"hidden":false,"children":[],"parentIdentifier":"66b0BHjxm+yt6dSe0\u0027h\"","identifier":"y6Z -1wSKpI]b5:-*xo "}],"identifier":"66b0BHjxm+yt6dSe0\u0027h\""},{"name":"Right wing base","dimensions":[25,1,20],"position":[-7.0,0.0,-8.0],"offset":[-25.0,0.0,0.0],"rotation":[-12.99999979257553,-7.000000052497138,0.0],"scale":[1.0,1.0,1.0],"txOffset":[0,161],"txMirror":false,"mcScale":0.0,"opacity":100.0,"hidden":false,"children":[{"name":"Right wing tip","dimensions":[33,1,20],"position":[-25.0,-0.5,3.0],"offset":[-33.0,0.3,-3.0],"rotation":[-0.0,-0.0,0.0],"scale":[1.0,1.0,1.0],"txOffset":[0,184],"txMirror":false,"mcScale":0.0,"opacity":100.0,"hidden":false,"children":[],"parentIdentifier":"a0\u003eMFFWvW/tE~\u003cdH9ZDN","identifier":"Qqn\u003eAl^p0Pz%\\YW7g|L,"}],"identifier":"a0\u003eMFFWvW/tE~\u003cdH9ZDN"},{"name":"Left leg top","dimensions":[3,4,3],"position":[5.0,15.0,3.0],"offset":[-1.5,-1.0,-1.5],"rotation":[0.0,-0.0,0.0],"scale":[1.0,1.0,1.0],"txOffset":[0,207],"txMirror":false,"mcScale":0.0,"opacity":100.0,"hidden":false,"children":[],"identifier":"\"sk3)i|l0St|\\Q-z7F.C"},{"name":"Left leg base","dimensions":[3,4,3],"position":[5.0,15.0,3.0],"offset":[-1.5,3.0,-1.5],"rotation":[0.0,-0.0,0.0],"scale":[1.0,1.0,1.0],"txOffset":[0,207],"txMirror":false,"mcScale":0.0,"opacity":100.0,"hidden":false,"children":[],"identifier":"\u003crto_WUHz xl_[`)C|{7"},{"name":"Left foot","dimensions":[5,2,9],"position":[5.0,15.0,3.0],"offset":[-2.5,7.0,-5.5],"rotation":[0.0,-0.0,0.0],"scale":[1.0,1.0,1.0],"txOffset":[0,217],"txMirror":false,"mcScale":0.0,"opacity":100.0,"hidden":false,"children":[],"identifier":"d}/4`QgF[wEHy@X\\?!zR"},{"name":"Right leg top","dimensions":[3,4,3],"position":[-5.0,15.0,3.0],"offset":[-1.5,-1.0,-1.5],"rotation":[0.0,-0.0,0.0],"scale":[1.0,1.0,1.0],"txOffset":[0,207],"txMirror":false,"mcScale":0.0,"opacity":100.0,"hidden":false,"children":[],"identifier":".CHHX@E[`qX\u0026Vr1Q\u0026dkj"},{"name":"Right leg base","dimensions":[3,4,3],"position":[-5.0,15.0,3.0],"offset":[-1.5,3.0,-1.5],"rotation":[0.0,-0.0,0.0],"scale":[1.0,1.0,1.0],"txOffset":[0,207],"txMirror":false,"mcScale":0.0,"opacity":100.0,"hidden":false,"children":[],"identifier":"_XH*XD3)-V\u003c4\\xyayuuv"},{"name":"Right foot","dimensions":[5,2,9],"position":[-5.0,15.0,3.0],"offset":[-2.5,7.0,-5.5],"rotation":[0.0,-0.0,0.0],"scale":[1.0,1.0,1.0],"txOffset":[0,217],"txMirror":false,"mcScale":0.0,"opacity":100.0,"hidden":false,"children":[],"identifier":"dQJ@P\\mobu}F]6q.f:~u"}],"anims":[],"cubeCount":21}