{"modelName":"Wormadam.tcn","authorName":"TechneToTabulaImporter","projVersion":2,"textureWidth":128,"textureHeight":128,"scale":[1.0,1.0,1.0],"cubeGroups":[],"cubes":[{"name":"Left body area","dimensions":[14,11,14],"position":[0.0,0.0,0.0],"offset":[0.0,-5.5,-7.0],"rotation":[19.99999941818584,-0.0,18.999999959540737],"scale":[1.0,1.0,1.0],"txOffset":[0,0],"txMirror":false,"mcScale":0.0,"opacity":100.0,"hidden":false,"children":[],"identifier":"g9*\"l9$OP[M?y9.nJ9/b"},{"name":"Right body area","dimensions":[14,11,14],"position":[0.0,0.0,0.0],"offset":[-14.0,-5.5,-7.0],"rotation":[19.99999941818584,-0.0,-18.999999959540737],"scale":[1.0,1.0,1.0],"txOffset":[56,0],"txMirror":false,"mcScale":0.0,"opacity":100.0,"hidden":false,"children":[],"identifier":"6kPxpoz?m/g!.n\u003cw6%y`"},{"name":"Mid body area","dimensions":[5,11,12],"position":[0.0,0.0,0.0],"offset":[-2.5,-5.300000190734863,-5.300000190734863],"rotation":[19.99999941818584,-0.0,0.0],"scale":[1.0,1.0,1.0],"txOffset":[0,25],"txMirror":false,"mcScale":0.0,"opacity":100.0,"hidden":false,"children":[],"identifier":";jUuZR$WW]q\u003eH;,p4ThQ"},{"name":"Lower body1","dimensions":[14,13,12],"position":[0.0,0.0,0.0],"offset":[-7.0,1.7000000476837158,-6.0],"rotation":[6.00000016696521,-0.0,0.0],"scale":[1.0,1.0,1.0],"txOffset":[0,50],"txMirror":false,"mcScale":0.0,"opacity":100.0,"hidden":false,"children":[],"identifier":"x`Wz.)!Rjb!.\\Y\u003csms,:"},{"name":"Lower body2","dimensions":[10,6,10],"position":[0.0,0.0,0.0],"offset":[-5.0,14.699999809265137,-5.0],"rotation":[6.00000016696521,-0.0,0.0],"scale":[1.0,1.0,1.0],"txOffset":[0,75],"txMirror":false,"mcScale":0.0,"opacity":100.0,"hidden":false,"children":[],"identifier":"mb!kS\u0026$ydl{xJ yWbO-+"},{"name":"poof btm","dimensions":[10,4,1],"position":[0.0,0.0,0.0],"offset":[-5.0,20.700000762939453,-1.0],"rotation":[6.00000016696521,-0.0,0.0],"scale":[1.0,1.0,1.0],"txOffset":[0,92],"txMirror":false,"mcScale":0.0,"opacity":100.0,"hidden":false,"children":[],"identifier":"\\,\u0026GNy2uN9p1#*-G_@oZ"},{"name":"Head","dimensions":[11,8,11],"position":[0.0,-2.0,-1.0],"offset":[-5.5,-7.0,-6.0],"rotation":[1.9999999845072665,-0.0,0.0],"scale":[1.0,1.0,1.0],"txOffset":[37,25],"txMirror":false,"mcScale":0.0,"opacity":100.0,"hidden":false,"children":[],"identifier":";zX]ECo\\5[!82G`($cZV"},{"name":"Beak","dimensions":[2,11,2],"position":[0.0,-2.0,-1.0],"offset":[-1.0,-1.0,-8.0],"rotation":[-9.000000250447817,-0.0,0.0],"scale":[1.0,1.0,1.0],"txOffset":[82,25],"txMirror":false,"mcScale":0.0,"opacity":100.0,"hidden":false,"children":[],"identifier":"\u003di_m;kc\"\u0027Vqq$#RR8^ }"},{"name":"Beak2","dimensions":[3,4,3],"position":[0.0,-2.0,-1.0],"offset":[-1.5,-3.4000000953674316,-8.100000381469727],"rotation":[-19.99999941818584,-0.0,0.0],"scale":[1.0,1.0,1.0],"txOffset":[94,25],"txMirror":false,"mcScale":0.0,"opacity":100.0,"hidden":false,"children":[],"identifier":"peSjk^xE{WxL?.]\u003dgBl?"},{"name":"Stem pt1","dimensions":[2,14,2],"position":[0.0,-2.0,-1.0],"offset":[-1.0,-21.0,-1.0],"rotation":[0.0,-0.0,0.0],"scale":[1.0,1.0,1.0],"txOffset":[120,0],"txMirror":false,"mcScale":0.0,"opacity":100.0,"hidden":false,"children":[],"identifier":"SJ0~!F2^J92nG/4\u0026%nYR"},{"name":"Stem pt2","dimensions":[4,5,4],"position":[0.0,-2.0,-1.0],"offset":[-2.0,-26.0,-2.0],"rotation":[0.0,-36.99999875288908,0.0],"scale":[1.0,1.0,1.0],"txOffset":[112,17],"txMirror":false,"mcScale":0.0,"opacity":100.0,"hidden":false,"children":[],"identifier":"w7L|\u0026smr#g;(}U%/y2aZ"},{"name":"Stem pt3","dimensions":[2,5,2],"position":[0.0,-2.0,-1.0],"offset":[-1.0,-31.0,-1.0],"rotation":[0.0,-36.99999875288908,0.0],"scale":[1.0,1.0,1.0],"txOffset":[112,27],"txMirror":false,"mcScale":0.0,"opacity":100.0,"hidden":false,"children":[],"identifier":"#b\u003cpJ/W.kA[rMlb,gW\u003e\u003e"},{"name":"Right body over1","dimensions":[15,4,4],"position":[0.0,0.0,0.0],"offset":[-18.0,-9.5,1.0],"rotation":[3.9999999690145325,-0.0,-18.999999959540737],"scale":[1.0,1.0,1.0],"txOffset":[52,45],"txMirror":false,"mcScale":0.0,"opacity":100.0,"hidden":false,"children":[],"identifier":"M(R!Um;u7609-vDB+eUv"},{"name":"Right body over2","dimensions":[15,4,4],"position":[0.0,0.0,0.0],"offset":[3.0,-9.5,1.0],"rotation":[3.9999999690145325,-0.0,18.999999959540737],"scale":[1.0,1.0,1.0],"txOffset":[52,57],"txMirror":false,"mcScale":0.0,"opacity":100.0,"hidden":false,"children":[],"identifier":"x]Nafe9ZacF^Y@ ?m0#F"},{"name":"Right body over1 pt2","dimensions":[4,4,4],"position":[0.0,0.0,0.0],"offset":[-18.0,-5.5,1.0],"rotation":[3.9999999690145325,-0.0,-18.999999959540737],"scale":[1.0,1.0,1.0],"txOffset":[92,45],"txMirror":false,"mcScale":0.0,"opacity":100.0,"hidden":false,"children":[],"identifier":"S[A\\;h|bE;u5b+rB8s?O"},{"name":"Right body over2 pt2","dimensions":[4,4,4],"position":[0.0,0.0,0.0],"offset":[14.0,-5.5,1.0],"rotation":[3.9999999690145325,-0.0,18.999999959540737],"scale":[1.0,1.0,1.0],"txOffset":[92,45],"txMirror":false,"mcScale":0.0,"opacity":100.0,"hidden":false,"children":[],"identifier":")/y!x)Pe6#3SIu#wPFN("}],"anims":[],"cubeCount":16}