{"modelName":"Fennekin.tcn","authorName":"TechneToTabulaImporter","projVersion":2,"textureWidth":128,"textureHeight":128,"scale":[1.0,1.0,1.0],"cubeGroups":[],"cubes":[{"name":"Body","dimensions":[11,24,11],"position":[0.0,9.0,0.0],"offset":[-5.5,-11.0,-5.5],"rotation":[88.00000017209338,-0.0,0.0],"scale":[1.0,1.0,1.0],"txOffset":[84,0],"txMirror":false,"mcScale":0.0,"opacity":100.0,"hidden":false,"children":[{"name":"Neck","dimensions":[8,15,8],"position":[0.0,-7.4,0.0],"offset":[-4.0,-13.0,-4.0],"rotation":[-73.0,-0.0,0.0],"scale":[1.0,1.0,1.0],"txOffset":[96,36],"txMirror":false,"mcScale":0.0,"opacity":100.0,"hidden":false,"children":[{"name":"Head","dimensions":[16,16,16],"position":[0.0,-11.0,0.0],"offset":[-8.0,-16.0,-11.0],"rotation":[-15.0,-0.0,0.0],"scale":[1.0,1.0,1.0],"txOffset":[0,0],"txMirror":false,"mcScale":0.0,"opacity":100.0,"hidden":false,"children":[{"name":"Left cheek tuft","dimensions":[9,9,5],"position":[6.0,-5.0,-5.0],"offset":[0.0,-4.5,-2.5],"rotation":[5.08,-24.51,-12.11],"scale":[1.0,1.0,1.0],"txOffset":[0,32],"txMirror":false,"mcScale":0.0,"opacity":100.0,"hidden":false,"children":[],"parentIdentifier":" Gv76Y5:JLh\u003e7}S\u003e~773","identifier":"!oNn#\u0026?Op\"S:UvfQciqc"},{"name":"Right cheek tuft","dimensions":[9,9,5],"position":[-6.0,-5.0,-5.0],"offset":[-9.0,-4.5,-2.5],"rotation":[5.08,24.51,12.11],"scale":[1.0,1.0,1.0],"txOffset":[0,32],"txMirror":false,"mcScale":0.0,"opacity":100.0,"hidden":false,"children":[],"parentIdentifier":" Gv76Y5:JLh\u003e7}S\u003e~773","identifier":"Y^ynPftzS_%/ZX.xG\"\u0026K"},{"name":"Right ear base","dimensions":[11,12,5],"position":[-5.5,-12.5,-0.5],"offset":[-5.5,-12.0,-2.5],"rotation":[-6.36,8.99,-35.5],"scale":[1.0,1.0,1.0],"txOffset":[0,46],"txMirror":false,"mcScale":0.0,"opacity":100.0,"hidden":false,"children":[{"name":"Right ear tip","dimensions":[9,6,5],"position":[0.0,-15.0,-0.0],"offset":[-4.5,-3.0,-2.5],"rotation":[0.0,0.0,0.0],"scale":[1.0,1.0,1.0],"txOffset":[0,63],"txMirror":false,"mcScale":0.0,"opacity":100.0,"hidden":false,"children":[],"parentIdentifier":" XSph6 Dj%P 1nOo)wgU","identifier":"\\tM~oP\u0026,+6TU,?2k4KS\u003c"},{"name":"Right ear fluff","dimensions":[9,8,5],"position":[-0.4,-0.2,-0.9],"offset":[-4.5,-8.0,-2.5],"rotation":[14.62,-13.79,1.75],"scale":[1.0,1.0,1.0],"txOffset":[29,63],"txMirror":false,"mcScale":0.0,"opacity":100.0,"hidden":false,"children":[{"name":"Right ear fluff tip","dimensions":[7,5,3],"position":[0.0,-8.0,-1.0],"offset":[-3.5,-5.0,-1.5],"rotation":[0.0,0.0,0.0],"scale":[1.0,1.0,1.0],"txOffset":[33,54],"txMirror":false,"mcScale":0.0,"opacity":100.0,"hidden":false,"children":[],"parentIdentifier":"*|nsv:\u0027d U|]L*E\"_!$a","identifier":"D\u003d6,7_scc6lCTZ,gdPr\u0027"}],"parentIdentifier":" XSph6 Dj%P 1nOo)wgU","identifier":"*|nsv:\u0027d U|]L*E\"_!$a"}],"parentIdentifier":" Gv76Y5:JLh\u003e7}S\u003e~773","identifier":" XSph6 Dj%P 1nOo)wgU"},{"name":"Left ear base","dimensions":[11,12,5],"position":[5.5,-12.5,-0.5],"offset":[-5.5,-12.0,-2.5],"rotation":[-6.36,-8.99,35.5],"scale":[1.0,1.0,1.0],"txOffset":[0,46],"txMirror":false,"mcScale":0.0,"opacity":100.0,"hidden":false,"children":[{"name":"Left ear tip","dimensions":[9,6,5],"position":[0.0,-15.0,-0.0],"offset":[-4.5,-3.0,-2.5],"rotation":[0.0,0.0,0.0],"scale":[1.0,1.0,1.0],"txOffset":[0,63],"txMirror":false,"mcScale":0.0,"opacity":100.0,"hidden":false,"children":[],"parentIdentifier":" XSph6 Dj%P 1nOo)wgU","identifier":"ULn;:?LMC$*YmuJxN\u0027xQ"},{"name":"Left ear fluff","dimensions":[9,8,5],"position":[-0.4,-0.2,-0.9],"offset":[-4.5,-8.0,-2.5],"rotation":[14.62,-13.79,1.75],"scale":[1.0,1.0,1.0],"txOffset":[29,63],"txMirror":false,"mcScale":0.0,"opacity":100.0,"hidden":false,"children":[{"name":"Left ear fluff tip","dimensions":[7,5,3],"position":[0.0,-8.0,-1.0],"offset":[-3.5,-5.0,-1.5],"rotation":[0.0,0.0,0.0],"scale":[1.0,1.0,1.0],"txOffset":[33,54],"txMirror":false,"mcScale":0.0,"opacity":100.0,"hidden":false,"children":[],"parentIdentifier":"*|nsv:\u0027d U|]L*E\"_!$a","identifier":"\u00275D+/Y(OPhM\u0027_2?M{de|"}],"parentIdentifier":" XSph6 Dj%P 1nOo)wgU","identifier":"if)HR\"72Ju\u003dFmJ)\u003cbQTd"}],"parentIdentifier":" Gv76Y5:JLh\u003e7}S\u003e~773","identifier":"~\u003dZ`4v0C;[IGEcOqAZou"},{"name":"Snout base","dimensions":[5,5,6],"position":[0.0,-4.5,-9.0],"offset":[-2.5,-2.5,-6.0],"rotation":[0.0,-0.0,0.0],"scale":[1.0,1.0,1.0],"txOffset":[28,32],"txMirror":false,"mcScale":0.0,"opacity":100.0,"hidden":false,"children":[{"name":"Snout tip","dimensions":[4,4,2],"position":[0.0,0.0,-6.0],"offset":[-2.0,-2.0,-2.0],"rotation":[0.0,0.0,0.0],"scale":[1.0,1.0,1.0],"txOffset":[50,32],"txMirror":false,"mcScale":0.0,"opacity":100.0,"hidden":false,"children":[{"name":"Nose","dimensions":[2,2,1],"position":[0.0,-1.0,-2.4],"offset":[-1.0,-1.0,-0.5],"rotation":[0.0,0.0,0.0],"scale":[1.0,1.0,1.0],"txOffset":[25,33],"txMirror":false,"mcScale":0.0,"opacity":100.0,"hidden":false,"children":[],"parentIdentifier":"\u003duSHQrwl1(Prfa6y0-^u","identifier":"t^jeP#Q,f6WtWOM]PBBQ"}],"parentIdentifier":"{q.|\u003edRcy$\u003eGfV)u m\u003ev","identifier":"\u003duSHQrwl1(Prfa6y0-^u"}],"parentIdentifier":" Gv76Y5:JLh\u003e7}S\u003e~773","identifier":"{q.|\u003edRcy$\u003eGfV)u m\u003ev"}],"parentIdentifier":"m,yJ\u003cl69r}cEpLMT`Qjh","identifier":" Gv76Y5:JLh\u003e7}S\u003e~773"}],"parentIdentifier":"Aa@MK5Ht$x!\"\u003cBalEGZ;","identifier":"m,yJ\u003cl69r}cEpLMT`Qjh"},{"name":"Tail base","dimensions":[17,18,17],"position":[0.0,10.0,1.0],"offset":[-8.5,0.0,-8.5],"rotation":[38.0,-0.0,0.0],"scale":[1.0,1.0,1.0],"txOffset":[0,76],"txMirror":false,"mcScale":0.0,"opacity":100.0,"hidden":false,"children":[{"name":"Tail tip","dimensions":[13,9,13],"position":[0.0,18.0,0.0],"offset":[-6.5,0.0,-6.5],"rotation":[0.0,-0.0,0.0],"scale":[1.0,1.0,1.0],"txOffset":[69,89],"txMirror":false,"mcScale":0.0,"opacity":100.0,"hidden":false,"children":[],"parentIdentifier":"mIQq9AJA2/)Dk\u003dbL@^+D","identifier":"is96LSyo]@LUV,\u003d_.u\"%"}],"parentIdentifier":"Aa@MK5Ht$x!\"\u003cBalEGZ;","identifier":"mIQq9AJA2/)Dk\u003dbL@^+D"},{"name":"Right front leg","dimensions":[4,21,4],"position":[-3.0,-6.0,0.0],"offset":[-4.0,-6.0,-2.0],"rotation":[-88.0,0.0,0.0],"scale":[1.0,1.0,1.0],"txOffset":[67,0],"txMirror":false,"mcScale":0.0,"opacity":100.0,"hidden":false,"children":[],"parentIdentifier":"Aa@MK5Ht$x!\"\u003cBalEGZ;","identifier":"g(ul(L,`PQgD\u003e~3,8*ft"},{"name":"Left front leg","dimensions":[4,21,4],"position":[3.0,-6.0,0.0],"offset":[0.0,-6.0,-2.0],"rotation":[-88.0,-0.0,0.0],"scale":[1.0,1.0,1.0],"txOffset":[67,0],"txMirror":false,"mcScale":0.0,"opacity":100.0,"hidden":false,"children":[],"parentIdentifier":"Aa@MK5Ht$x!\"\u003cBalEGZ;","identifier":"GlR\u0027W]yae9-\\BNHE\u003efi6"},{"name":"Left rear hip","dimensions":[4,11,9],"position":[3.0,7.0,-1.5],"offset":[0.0,-5.5,-4.5],"rotation":[-85.0,-0.0,0.0],"scale":[1.0,1.0,1.0],"txOffset":[67,36],"txMirror":false,"mcScale":0.0,"opacity":100.0,"hidden":false,"children":[{"name":"Left rearfoot","dimensions":[4,8,4],"position":[2.0,5.2,0.0],"offset":[-2.0,0.0,-2.0],"rotation":[0.0,0.0,0.0],"scale":[1.0,1.0,1.0],"txOffset":[67,58],"txMirror":false,"mcScale":0.0,"opacity":100.0,"hidden":false,"children":[],"parentIdentifier":"LB*?oP4qT? %7h8VTi77","identifier":"|hN8N(T\u003dPj#\"u}\u0027mSkJ7"},{"name":"Left rear hip fur","dimensions":[1,9,9],"position":[3.0,0.0,-2.0],"offset":[0.0,-4.5,-1.5],"rotation":[0.0,30.0,0.0],"scale":[1.0,1.0,1.0],"txOffset":[84,61],"txMirror":false,"mcScale":0.0,"opacity":100.0,"hidden":false,"children":[],"parentIdentifier":"LB*?oP4qT? %7h8VTi77","identifier":"p~XrCT47Fuv6\u003e1wvK|S}"}],"parentIdentifier":"Aa@MK5Ht$x!\"\u003cBalEGZ;","identifier":"LB*?oP4qT? %7h8VTi77"},{"name":"Right rear hip","dimensions":[4,11,9],"position":[-3.0,7.0,-1.5],"offset":[-4.0,-5.5,-4.5],"rotation":[-85.0,-0.0,0.0],"scale":[1.0,1.0,1.0],"txOffset":[67,36],"txMirror":false,"mcScale":0.0,"opacity":100.0,"hidden":false,"children":[{"name":"Right rearfoot","dimensions":[4,8,4],"position":[-2.0,5.2,0.0],"offset":[-2.0,0.0,-2.0],"rotation":[3.0,-0.0,0.0],"scale":[1.0,1.0,1.0],"txOffset":[67,58],"txMirror":false,"mcScale":0.0,"opacity":100.0,"hidden":false,"children":[],"parentIdentifier":"Dt::NlT`f\u00279E\u003di:Qs#.\"","identifier":"\u003dC3kKHfb0}hR+0zEH@~1"},{"name":"Right rear hip fur","dimensions":[1,9,9],"position":[-3.0,0.0,-2.0],"offset":[-1.0,-4.5,-1.5],"rotation":[3.0,-30.0,0.0],"scale":[1.0,1.0,1.0],"txOffset":[105,61],"txMirror":false,"mcScale":0.0,"opacity":100.0,"hidden":false,"children":[],"parentIdentifier":"Dt::NlT`f\u00279E\u003di:Qs#.\"","identifier":"eC,yM:p~e#dy:PIOIq~]"}],"parentIdentifier":"Aa@MK5Ht$x!\"\u003cBalEGZ;","identifier":"Dt::NlT`f\u00279E\u003di:Qs#.\""}],"identifier":"Aa@MK5Ht$x!\"\u003cBalEGZ;"}],"anims":[],"cubeCount":30}