<?xml version="1.0" encoding="UTF-8"?>
<ModelAnimator version="0.1">
	<model name="Fennekin">
			<phase name="global" rotation="1,0,0,0" offset="0,-0.325,0" scale="0.2,0.2,0.2"/>
			<phase name="quadWalk" 
			leftHind="Left rear hip" 
			rightHind="Right rear hip" 
			leftFront="Left front leg" 
			rightFront="Right front leg" 
			duration="10"
			angle="50"
			/>
			<part name="Body">
				<phase name="sitting">
					<vector rotation="1,0,0,-30" time="0"/>
				</phase>
				<part name="Tail base">
					<phase name="sitting">
						<vector rotation="1,0,0,40" time="0"/>
					</phase>
				</part>
				<part name="Left rear hip">
					<phase name="sitting">
						<vector rotation="1,0,0,30" time="0"/>
					</phase>
				</part>
				<part name="Right rear hip">
					<phase name="sitting">
						<vector rotation="1,0,0,30" time="0"/>
					</phase>
				</part>
				<part name="Left front leg">
					<phase name="sitting">
						<vector rotation="1,0,0,20" time="0"/>
					</phase>
				</part>
				<part name="Right front leg">
					<phase name="sitting">
						<vector rotation="1,0,0,20" time="0"/>
					</phase>
				</part>
				<part name="Neck">
					<phase name="sitting">
						<vector rotation="1,0,0,20" time="0"/>
					</phase>
				</part>
			</part>
	</model>
</ModelAnimator>


