{"modelName":"Goodra.tcn","authorName":"TechneToTabulaImporter","projVersion":2,"textureWidth":200,"textureHeight":200,"scale":[1.0,1.0,1.0],"cubeGroups":[],"cubes":[{"name":"Body","dimensions":[16,20,18],"position":[0.0,4.0,0.0],"offset":[-8.0,-10.0,-9.0],"rotation":[19.99999941818584,-0.0,0.0],"scale":[1.0,1.0,1.0],"txOffset":[0,0],"txMirror":false,"mcScale":0.0,"opacity":100.0,"hidden":false,"children":[],"identifier":"\u0027$ZA\u003d]8i!\u003e^l$x`?su|H"},{"name":"Left hip","dimensions":[11,16,16],"position":[4.0,12.0,1.0],"offset":[0.0,-8.0,-8.0],"rotation":[0.0,-0.0,0.0],"scale":[1.0,1.0,1.0],"txOffset":[0,80],"txMirror":false,"mcScale":0.0,"opacity":100.0,"hidden":false,"children":[],"identifier":"8xqvjODqlXkUG}?3|tMf"},{"name":"Left leg","dimensions":[9,2,13],"position":[4.0,12.0,1.0],"offset":[1.0,8.0,-6.0],"rotation":[0.0,-0.0,0.0],"scale":[1.0,1.0,1.0],"txOffset":[0,114],"txMirror":false,"mcScale":0.0,"opacity":100.0,"hidden":false,"children":[],"identifier":"R6Xed\u0027Vxi5KNa9!\u003e^M6$"},{"name":"Left foot","dimensions":[8,3,17],"position":[4.0,12.0,1.0],"offset":[1.5,9.0,-10.0],"rotation":[0.0,-0.0,0.0],"scale":[1.0,1.0,1.0],"txOffset":[0,131],"txMirror":false,"mcScale":0.0,"opacity":100.0,"hidden":false,"children":[],"identifier":"R\"EcKB%Nq_F^U6nV3BUD"},{"name":"Right hip","dimensions":[11,16,16],"position":[-4.0,12.0,1.0],"offset":[-11.0,-8.0,-8.0],"rotation":[0.0,-0.0,0.0],"scale":[1.0,1.0,1.0],"txOffset":[0,80],"txMirror":false,"mcScale":0.0,"opacity":100.0,"hidden":false,"children":[],"identifier":"q\u003e8r\u0027Wy-z6IA8\u003eT:0$oP"},{"name":"Right leg","dimensions":[9,2,13],"position":[-4.0,12.0,1.0],"offset":[-10.0,8.0,-6.0],"rotation":[0.0,-0.0,0.0],"scale":[1.0,1.0,1.0],"txOffset":[0,114],"txMirror":false,"mcScale":0.0,"opacity":100.0,"hidden":false,"children":[],"identifier":"Xp+JYwFR`eI\\46RN@,-L"},{"name":"Right foot","dimensions":[8,3,17],"position":[-4.0,12.0,1.0],"offset":[-9.5,9.0,-10.0],"rotation":[0.0,-0.0,0.0],"scale":[1.0,1.0,1.0],"txOffset":[0,131],"txMirror":false,"mcScale":0.0,"opacity":100.0,"hidden":false,"children":[],"identifier":"dmzbms#$\u003d#%H83Bd;!kr"},{"name":"Tail base","dimensions":[14,16,14],"position":[0.0,9.0,2.0],"offset":[-7.0,0.0,-7.0],"rotation":[63.99999950423253,-0.0,0.0],"scale":[1.0,1.0,1.0],"txOffset":[0,40],"txMirror":false,"mcScale":0.0,"opacity":100.0,"hidden":false,"children":[],"identifier":"rG}|`elQCq!;U9pz%+ r"},{"name":"Tail pt2","dimensions":[13,12,13],"position":[0.0,16.0,13.0],"offset":[-6.5,0.0,-6.5],"rotation":[86.99999900590097,-0.0,0.0],"scale":[1.0,1.0,1.0],"txOffset":[58,41],"txMirror":false,"mcScale":0.0,"opacity":100.0,"hidden":false,"children":[],"identifier":"y*j\\`J|?J#dDDbc\u003e081?"},{"name":"Tail pt3","dimensions":[12,12,12],"position":[0.0,17.0,22.0],"offset":[-6.0,0.0,-6.0],"rotation":[114.000003172339,-0.0,0.0],"scale":[1.0,1.0,1.0],"txOffset":[111,37],"txMirror":false,"mcScale":0.0,"opacity":100.0,"hidden":false,"children":[],"identifier":"+\u003c!7\u003e0?{ptu::.Q4u4_P"},{"name":"Tail pt4","dimensions":[11,9,11],"position":[0.0,14.0,30.0],"offset":[-5.5,0.0,-6.0],"rotation":[147.00000067555308,-0.0,0.0],"scale":[1.0,1.0,1.0],"txOffset":[112,64],"txMirror":false,"mcScale":0.0,"opacity":100.0,"hidden":false,"children":[],"identifier":"M,62$$@Sx[1\u003e@DnMg9nF"},{"name":"Tail pt5","dimensions":[9,11,18],"position":[0.0,10.0,33.0],"offset":[-4.5,-2.0,-6.0],"rotation":[154.0000020087107,-0.0,0.0],"scale":[1.0,1.0,1.0],"txOffset":[112,86],"txMirror":false,"mcScale":0.0,"opacity":100.0,"hidden":false,"children":[],"identifier":"K8V\u0027 zPGWZKS1pX#;yZA"},{"name":"Upper body","dimensions":[14,18,16],"position":[0.0,4.0,0.0],"offset":[-7.0,-26.0,-10.0],"rotation":[7.999999938029066,-0.0,0.0],"scale":[1.0,1.0,1.0],"txOffset":[71,0],"txMirror":false,"mcScale":0.0,"opacity":100.0,"hidden":false,"children":[],"identifier":"V\\Lm{j[*.?\"]kg(f\"Q9J"},{"name":"Left upper arm","dimensions":[5,12,5],"position":[6.0,-11.0,-4.0],"offset":[0.0,-1.0,-2.5],"rotation":[-10.479507761472387,-10.038663429602694,-24.39723396191162],"scale":[1.0,1.0,1.0],"txOffset":[136,0],"txMirror":false,"mcScale":0.0,"opacity":100.0,"hidden":false,"children":[],"identifier":"MaPa}b~9SA:Jr?ukC.v;"},{"name":"Left lower arm","dimensions":[4,14,7],"position":[6.0,-11.0,-4.0],"offset":[1.0,5.0,3.5],"rotation":[-60.56449238069905,-3.7339314344426775,-21.046795082695827],"scale":[1.0,1.0,1.0],"txOffset":[159,0],"txMirror":false,"mcScale":0.0,"opacity":100.0,"hidden":false,"children":[],"identifier":"kU\u0026ee8yj\u0027XoD\u0027`-~jejk"},{"name":"Right upper arm","dimensions":[5,12,5],"position":[-6.0,-11.0,-4.0],"offset":[-5.0,-1.0,-2.5],"rotation":[-19.520493073353666,-10.038663429602694,24.39723396191162],"scale":[1.0,1.0,1.0],"txOffset":[136,0],"txMirror":false,"mcScale":0.0,"opacity":100.0,"hidden":false,"children":[],"identifier":"b9jz-TlrlK,%xy-EMT?8"},{"name":"Right lower arm","dimensions":[4,14,7],"position":[-6.0,-11.0,-4.0],"offset":[-4.5,5.0,1.5],"rotation":[-63.43550196299641,-3.7339314344426775,21.046795082695827],"scale":[1.0,1.0,1.0],"txOffset":[159,0],"txMirror":false,"mcScale":0.0,"opacity":100.0,"hidden":false,"children":[],"identifier":"M/sW`7q/X\u003c*+\u0027+E?8$ir"},{"name":"Neck","dimensions":[12,16,14],"position":[0.0,-18.0,-4.0],"offset":[-6.0,-18.0,-7.0],"rotation":[19.99999941818584,-0.0,0.0],"scale":[1.0,1.0,1.0],"txOffset":[56,70],"txMirror":false,"mcScale":0.0,"opacity":100.0,"hidden":false,"children":[],"identifier":"Ack{ZQ~(`VT5TwRrDvZM"},{"name":"Head","dimensions":[16,15,16],"position":[0.0,-30.0,-10.0],"offset":[-8.0,-15.0,-8.0],"rotation":[6.00000016696521,-0.0,0.0],"scale":[1.0,1.0,1.0],"txOffset":[56,122],"txMirror":false,"mcScale":0.0,"opacity":100.0,"hidden":false,"children":[],"identifier":"9gv`2UPwVDlm)Vr_,8L["},{"name":"Mouth ridge","dimensions":[17,7,11],"position":[0.0,-30.0,-10.0],"offset":[-8.5,-6.0,-10.0],"rotation":[6.00000016696521,-0.0,0.0],"scale":[1.0,1.0,1.0],"txOffset":[56,155],"txMirror":false,"mcScale":0.0,"opacity":100.0,"hidden":false,"children":[],"identifier":"yP\u0026\\7J3HBTlGO65mMCeG"},{"name":"Left front antennea","dimensions":[3,12,3],"position":[0.0,-30.0,-10.0],"offset":[4.0,-26.0,-7.0],"rotation":[-1.9999999845072665,-0.0,0.0],"scale":[1.0,1.0,1.0],"txOffset":[56,105],"txMirror":false,"mcScale":0.0,"opacity":100.0,"hidden":false,"children":[],"identifier":"G*@Tu5\u0026e3Y0AS!%\u0026i;g!"},{"name":"Right front antennea","dimensions":[3,12,3],"position":[0.0,-30.0,-10.0],"offset":[-7.0,-26.0,-7.0],"rotation":[-1.9999999845072665,-0.0,0.0],"scale":[1.0,1.0,1.0],"txOffset":[56,105],"txMirror":false,"mcScale":0.0,"opacity":100.0,"hidden":false,"children":[],"identifier":"pFC\u003d/RtWFptcbKy0;I]r"},{"name":"Left rear antennea base","dimensions":[6,9,6],"position":[0.0,-30.0,-10.0],"offset":[1.5,-23.0,-5.0],"rotation":[-24.000000667860846,-0.0,0.0],"scale":[1.0,1.0,1.0],"txOffset":[122,122],"txMirror":false,"mcScale":0.0,"opacity":100.0,"hidden":false,"children":[],"identifier":"D,\u003eqrwNwG 514kzDObpn"},{"name":"Left rear antennea mid","dimensions":[7,11,8],"position":[0.0,-30.0,-10.0],"offset":[1.0,-29.0,-15.0],"rotation":[-51.000001419204295,-0.0,0.0],"scale":[1.0,1.0,1.0],"txOffset":[149,122],"txMirror":false,"mcScale":0.0,"opacity":100.0,"hidden":false,"children":[],"identifier":"7~]+sxIC*5edVhHs~j#o"},{"name":"Left rear antennea mid2","dimensions":[7,11,8],"position":[0.0,-30.0,-10.0],"offset":[1.0,-22.0,-31.0],"rotation":[-94.00000033905859,-0.0,0.0],"scale":[1.0,1.0,1.0],"txOffset":[149,122],"txMirror":false,"mcScale":0.0,"opacity":100.0,"hidden":false,"children":[],"identifier":"Z\u003d\u0027V{1/GJW.MXlqH\u0026RUh"},{"name":"Left rear antennea neartip","dimensions":[4,12,4],"position":[0.0,-30.0,-10.0],"offset":[2.5,-16.0,-36.0],"rotation":[-123.00000000769225,-0.0,0.0],"scale":[1.0,1.0,1.0],"txOffset":[149,143],"txMirror":false,"mcScale":0.0,"opacity":100.0,"hidden":false,"children":[],"identifier":"xE}ZB5/B6)pmu{@r!x$K"},{"name":"Left rear antennea tip","dimensions":[6,8,7],"position":[0.0,-30.0,-10.0],"offset":[1.5,-24.0,-38.0],"rotation":[-123.00000000769225,-0.0,0.0],"scale":[1.0,1.0,1.0],"txOffset":[149,160],"txMirror":false,"mcScale":0.0,"opacity":100.0,"hidden":false,"children":[],"identifier":"\u0027:4cp|nMeReX,x(VnKIv"},{"name":"Right rear antennea base","dimensions":[6,9,6],"position":[0.0,-30.0,-10.0],"offset":[-7.5,-23.0,-5.0],"rotation":[-24.000000667860846,-0.0,0.0],"scale":[1.0,1.0,1.0],"txOffset":[122,122],"txMirror":false,"mcScale":0.0,"opacity":100.0,"hidden":false,"children":[],"identifier":"-L@0l]h[LU.m*6T0C{%A"},{"name":"Right rear antennea mid","dimensions":[7,11,8],"position":[0.0,-30.0,-10.0],"offset":[-8.0,-29.0,-15.0],"rotation":[-51.000001419204295,-0.0,0.0],"scale":[1.0,1.0,1.0],"txOffset":[149,122],"txMirror":false,"mcScale":0.0,"opacity":100.0,"hidden":false,"children":[],"identifier":"G\u003cgAf78^ OnQwo ?Mns."},{"name":"Right rear antennea mid2","dimensions":[7,11,8],"position":[0.0,-30.0,-10.0],"offset":[-8.0,-22.0,-31.0],"rotation":[-94.00000033905859,-0.0,0.0],"scale":[1.0,1.0,1.0],"txOffset":[149,122],"txMirror":false,"mcScale":0.0,"opacity":100.0,"hidden":false,"children":[],"identifier":"z\u0026\u003cOYCWVta|{V#U\u003e\"~{a"},{"name":"Right rear antennea neartip","dimensions":[4,12,4],"position":[0.0,-30.0,-10.0],"offset":[-6.5,-16.0,-36.0],"rotation":[-123.00000000769225,-0.0,0.0],"scale":[1.0,1.0,1.0],"txOffset":[149,143],"txMirror":false,"mcScale":0.0,"opacity":100.0,"hidden":false,"children":[],"identifier":"/o$[Wld*YDFAuHhc@V?\u003c"},{"name":"Right rear antennea tip","dimensions":[6,8,7],"position":[0.0,-30.0,-10.0],"offset":[-7.5,-24.0,-38.0],"rotation":[-123.00000000769225,-0.0,0.0],"scale":[1.0,1.0,1.0],"txOffset":[149,160],"txMirror":false,"mcScale":0.0,"opacity":100.0,"hidden":false,"children":[],"identifier":"/-mxN%jtrfkm$Suw\u003c-d\u003d"}],"anims":[],"cubeCount":32}