{"modelName":"goomy.tcn","authorName":"TechneToTabulaImporter","projVersion":2,"textureWidth":128,"textureHeight":128,"scale":[1.0,1.0,1.0],"cubeGroups":[],"cubes":[{"name":"Body","dimensions":[22,22,22],"position":[0.0,13.0,0.0],"offset":[-11.0,-11.0,-11.0],"rotation":[0.0,-0.0,0.0],"scale":[1.0,1.0,1.0],"txOffset":[0,0],"txMirror":false,"mcScale":0.0,"opacity":100.0,"hidden":false,"children":[],"identifier":"_dv(|/s@K[NGF`wsp\u003d-~"},{"name":"Left slime","dimensions":[6,5,19],"position":[10.0,22.0,0.0],"offset":[0.0,-3.5,-10.0],"rotation":[0.0,-0.0,12.99999979257553],"scale":[1.0,1.0,1.0],"txOffset":[0,44],"txMirror":false,"mcScale":0.0,"opacity":100.0,"hidden":false,"children":[],"identifier":"%l!2JX(;9Kh\u0026\u003cb_GB\u003d0g"},{"name":"Right slime","dimensions":[6,5,19],"position":[-10.0,22.0,0.0],"offset":[-6.0,-3.5,-10.0],"rotation":[0.0,-0.0,-12.99999979257553],"scale":[1.0,1.0,1.0],"txOffset":[0,44],"txMirror":false,"mcScale":0.0,"opacity":100.0,"hidden":false,"children":[],"identifier":"c@GH;_|?-km^lWRi -\\r"},{"name":"Left front antennea","dimensions":[4,9,4],"position":[7.0,3.0,-9.0],"offset":[-2.0,-9.0,-2.0],"rotation":[30.99999858592387,-0.0,0.0],"scale":[1.0,1.0,1.0],"txOffset":[0,0],"txMirror":false,"mcScale":0.0,"opacity":100.0,"hidden":false,"children":[],"identifier":"eRQidE3F HU:\\ W(:4 /"},{"name":"Left rear antennea","dimensions":[5,23,5],"position":[7.0,3.0,-2.0],"offset":[-2.5,-22.0,-2.5],"rotation":[22.999999501668448,-0.0,18.000000500895634],"scale":[1.0,1.0,1.0],"txOffset":[88,0],"txMirror":false,"mcScale":0.0,"opacity":100.0,"hidden":false,"children":[],"identifier":"9KMZ\u003dT/*jRxSUJS9( bT"},{"name":"Right front antennea","dimensions":[4,9,4],"position":[-7.0,3.0,-9.0],"offset":[-2.0,-9.0,-2.0],"rotation":[30.99999858592387,-0.0,0.0],"scale":[1.0,1.0,1.0],"txOffset":[0,0],"txMirror":false,"mcScale":0.0,"opacity":100.0,"hidden":false,"children":[],"identifier":"Cs\"-U@lE~Y6`lUJc]pLN"},{"name":"Right rear antennea","dimensions":[5,23,5],"position":[-7.0,3.0,-2.0],"offset":[-2.5,-22.0,-2.5],"rotation":[22.999999501668448,-0.0,-18.000000500895634],"scale":[1.0,1.0,1.0],"txOffset":[88,0],"txMirror":false,"mcScale":0.0,"opacity":100.0,"hidden":false,"children":[],"identifier":"nE_g3GC~WE@WGRJ(@;_l"}],"anims":[],"cubeCount":7}