{"modelName":"Sliggoo.tcn","authorName":"TechneToTabulaImporter","projVersion":2,"textureWidth":200,"textureHeight":200,"scale":[1.0,1.0,1.0],"cubeGroups":[],"cubes":[{"name":"Slime base","dimensions":[12,6,16],"position":[0.0,18.0,-6.0],"offset":[-6.0,0.0,-2.0],"rotation":[0.0,-0.0,0.0],"scale":[1.0,1.0,1.0],"txOffset":[0,0],"txMirror":false,"mcScale":0.0,"opacity":100.0,"hidden":false,"children":[],"identifier":"sGIr-aP%F?e36~5lJG.\\"},{"name":"Body base","dimensions":[10,10,18],"position":[0.0,18.0,-6.0],"offset":[-5.0,-7.0,-5.0],"rotation":[-12.00000033393042,-0.0,0.0],"scale":[1.0,1.0,1.0],"txOffset":[0,23],"txMirror":false,"mcScale":0.0,"opacity":100.0,"hidden":false,"children":[],"identifier":"c%3X[5owg%82)fs\\Ueuz"},{"name":"Tail","dimensions":[8,7,10],"position":[0.0,21.0,6.0],"offset":[-4.0,-7.0,0.0],"rotation":[14.000000104994276,-0.0,0.0],"scale":[1.0,1.0,1.0],"txOffset":[0,52],"txMirror":false,"mcScale":0.0,"opacity":100.0,"hidden":false,"children":[],"identifier":"#.\u003e]r\u0027[?G,\u003cV}*\u003dt{Y|Q"},{"name":"Shell","dimensions":[8,12,12],"position":[0.0,18.0,-6.0],"offset":[-4.0,-18.0,-1.0],"rotation":[-6.00000016696521,-0.0,0.0],"scale":[1.0,1.0,1.0],"txOffset":[0,71],"txMirror":false,"mcScale":0.0,"opacity":100.0,"hidden":false,"children":[],"identifier":"tB\u00274{q/7+2LqQ5tO\u003dL\\K"},{"name":"Body pt 2","dimensions":[9,10,15],"position":[0.0,18.0,-7.0],"offset":[-4.5,-5.0,-15.0],"rotation":[-63.99999950423253,-0.0,0.0],"scale":[1.0,1.0,1.0],"txOffset":[58,23],"txMirror":false,"mcScale":0.0,"opacity":100.0,"hidden":false,"children":[],"identifier":"wS1\u003cD*o6B@!w3(^I\"#*m"},{"name":"Left arm","dimensions":[2,8,2],"position":[3.0,10.0,-14.0],"offset":[0.0,-1.0,-1.0],"rotation":[-44.00000008604669,-0.0,0.0],"scale":[1.0,1.0,1.0],"txOffset":[58,23],"txMirror":false,"mcScale":0.0,"opacity":100.0,"hidden":false,"children":[],"identifier":"**[7[}fVkY_n.}Ze\u003drb$"},{"name":"Right arm","dimensions":[2,8,2],"position":[-3.0,10.0,-14.0],"offset":[-2.0,-1.0,-1.0],"rotation":[-44.00000008604669,-0.0,0.0],"scale":[1.0,1.0,1.0],"txOffset":[58,23],"txMirror":false,"mcScale":0.0,"opacity":100.0,"hidden":false,"children":[],"identifier":"ww[f7\"2k+\u003d8v\\B/9,-;8"},{"name":"Neck base","dimensions":[7,14,7],"position":[0.0,8.0,-12.0],"offset":[-3.5,-14.0,-3.5],"rotation":[11.000000021511672,-0.0,0.0],"scale":[1.0,1.0,1.0],"txOffset":[58,50],"txMirror":false,"mcScale":0.0,"opacity":100.0,"hidden":false,"children":[],"identifier":"u6Xr4K5U\u0026AhT;).RF[k\u003d"},{"name":"Head","dimensions":[11,11,11],"position":[0.0,-4.0,-15.0],"offset":[-5.5,-11.0,-5.5],"rotation":[0.0,-0.0,0.0],"scale":[1.0,1.0,1.0],"txOffset":[58,72],"txMirror":false,"mcScale":0.0,"opacity":100.0,"hidden":false,"children":[],"identifier":"tZ!%Yo.)B_eY_O:.)S@/"},{"name":"Left front antennea","dimensions":[2,7,2],"position":[0.0,-4.0,-15.0],"offset":[3.0,-18.0,-2.5],"rotation":[15.000000417413029,-0.0,0.0],"scale":[1.0,1.0,1.0],"txOffset":[58,72],"txMirror":false,"mcScale":0.0,"opacity":100.0,"hidden":false,"children":[],"identifier":"12oYPi8jYrtJ#smBk-t8"},{"name":"Right front antennea","dimensions":[2,7,2],"position":[0.0,-4.0,-15.0],"offset":[-5.0,-18.0,-2.5],"rotation":[15.000000417413029,-0.0,0.0],"scale":[1.0,1.0,1.0],"txOffset":[58,72],"txMirror":false,"mcScale":0.0,"opacity":100.0,"hidden":false,"children":[],"identifier":"mzSsW AE0I@~[2P:u@Wz"},{"name":"Left rear antennea","dimensions":[3,18,3],"position":[0.0,-4.0,-15.0],"offset":[-2.5,-28.0,-5.5],"rotation":[-15.000000417413029,-0.0,24.000000667860846],"scale":[1.0,1.0,1.0],"txOffset":[43,72],"txMirror":false,"mcScale":0.0,"opacity":100.0,"hidden":false,"children":[],"identifier":"SIBp:l6p`#;)qEm\"|_+n"},{"name":"Right rear antennea","dimensions":[3,18,3],"position":[0.0,-4.0,-15.0],"offset":[-0.5,-28.0,-5.5],"rotation":[-15.000000417413029,-0.0,-24.000000667860846],"scale":[1.0,1.0,1.0],"txOffset":[43,72],"txMirror":false,"mcScale":0.0,"opacity":100.0,"hidden":false,"children":[],"identifier":"7$/~VQ_ITk:bw:(MN|(0"}],"anims":[],"cubeCount":13}